OBJECTID,NAMOBJ,FCODE,REMARK,METADATA,SRS_ID,KDBBPS,KDCBPS,KDCPUM,KDEBPS,KDEPUM,KDPBPS,KDPKAB,KDPPUM,LUASWH,TIPADM,WADMKC,WADMKD,WADMKK,WADMPR,WIADKC,WIADKK,WIADPR,WIADKD,SHAPE_Length,SHAPE_Area
1,Banggai,BA03050040, ,TASWIL5000020230907KABKOTA,"4326", , , , ,, ,"72.01","72",8252.88151507481,4, , ,Banggai,Sulawesi Tengah, , ,,0,8.49690306296307,0.670580585558599
2,Banggai Kepulauan,BA03050040, ,TASWIL5000020230907KABKOTA,"4326", , , , ,, ,"72.07","72",2385.07293359873,4, , ,Banggai Kepulauan,Sulawesi Tengah, ,Banggai,,0,7.59779235749177,0.193819851822196
3,Banggai Laut,BA03050040, ,TASWIL5000020230907KABKOTA,"4326", , , , ,, ,"72.11","72",688.151175626776,4, , ,Banggai Laut,Sulawesi Tengah, ,Banggai Kepulauan,,0,10.5352783636616,0.0559325004015351
4,Bantaeng,BA03050040, ,TASWIL5000020230907KABKOTA,"4326", , , , ,, ,"73.03","73",390.969412699495,4, , ,Bantaeng,Sulawesi Selatan, , , ,0,1.09140143182309,0.0319051852439628
5,Barru,BA03050040, ,TASWIL5000020230907KABKOTA,"4326", , , , ,, ,"73.11","73",1201.90345441736,4, , ,Barru,Sulawesi Selatan, , , ,0,2.78559172711226,0.097930303217083
6,Boalemo,BA03050040, ,TASWIL5000020230907KABKOTA,"4326", , , , ,, ,"75.02","75",1830.86468089747,4, , ,Boalemo,Gorontalo, ,Gorontalo,Sulawesi Utara,0,3.37405738848279,0.148750725693187
7,Bolaang Mongondow,BA03050040, ,TASWIL5000020230907KABKOTA,"4326", , , , ,, ,"71.01","71",3291.4952620693,4, , ,Bolaang Mongondow,Sulawesi Utara, , , ,0,3.65743734598525,0.267424566356948
8,Bolaang Mongondow Selatan,BA03050040, ,TASWIL5000020230907KABKOTA,"4326", , , , ,, ,"71.11","71",1773.88061185868,4, , ,Bolaang Mongondow Selatan,Sulawesi Utara, ,Bolaang Mongondow, ,0,3.76432457922774,0.144115934520644
9,Bolaang Mongondow Timur,BA03050040, ,TASWIL5000020230907KABKOTA,"4326", , , , ,, ,"71.10","71",859.973340571965,4, , ,Bolaang Mongondow Timur,Sulawesi Utara, ,Bolaang Mongondow, ,0,2.17458313089217,0.0698704220253792
10,Bolaang Mongondow Utara,BA03050040, ,TASWIL5000020230907KABKOTA,"4326", , , , ,, ,"71.08","71",1644.41939182281,4, , ,Bolaang Mongondow Utara,Sulawesi Utara, ,Bolaang Mongondow, ,0,2.46094499888961,0.13360592593578
11,Bombana,BA03050040, ,TASWIL5000020230907KABKOTA,"4326", , , , ,, ,"74.06","74",3293.96639913022,4, , ,Bombana,Sulawesi Tenggara, ,Buton, ,0,5.4716724605221,0.268524880662475
12,Bone,BA03050040, ,TASWIL5000020230907KABKOTA,"4326", , , , ,, ,"73.08","73",4567.2381364521,4, , ,Bone,Sulawesi Selatan, , , ,0,5.10839664206822,0.372265191250229
13,Bone Bolango,BA03050040, ,TASWIL5000020230907KABKOTA,"4326", , , , ,, ,"75.03","75",1888.99759975918,4, , ,Bone Bolango,Gorontalo, ,Gorontalo,Sulawesi Utara,0,2.00498598265802,0.153470592461417
14,Bulukumba,BA03050040, ,TASWIL5000020230907KABKOTA,"4326", , , , ,, ,"73.02","73",1175.52804855992,4, , ,Bulukumba,Sulawesi Selatan, , , ,0,2.07612816359521,0.0959202426206228
15,Buol,BA03050040, ,TASWIL5000020230907KABKOTA,"4326", , , , ,, ,"72.05","72",3723.57750114763,4, , ,Buol,Sulawesi Tengah, ,Buol Toli-Toli,,0,5.09315284720647,0.302550461084302
16,Buru,BA03050040, ,TASWIL5000020230907KABKOTA,"4326", , , , ,, ,"81.04","81",4915.56642477707,4, , ,Buru,Maluku, ,Maluku Tengah, ,0,4.13716292988193,0.400003366177806
17,Buru Selatan,BA03050040, ,TASWIL5000020230907KABKOTA,"4326", , , , ,, ,"81.09","81",3678.69593933868,4, , ,Buru Selatan,Maluku, ,Buru, ,0,4.79960184465137,0.299426415279535
18,Buton,BA03050040, ,TASWIL5000020230907KABKOTA,"4326", , , , ,, ,"74.04","74",1669.32863015776,4, , ,Buton,Sulawesi Tenggara, , , ,0,3.04087674143843,0.13618829986568
19,Buton Selatan,BA03050040, ,TASWIL5000020230907KABKOTA,"4326", , , , ,, ,"74.15","74",517.631463504663,4, , ,Buton Selatan,Sulawesi Tenggara, ,Buton, ,0,1.85498741344651,0.0422495080509944
20,Buton Tengah,BA03050040, ,TASWIL5000020230907KABKOTA,"4326", , , , ,, ,"74.14","74",836.95579779096,4, , ,Buton Tengah,Sulawesi Tenggara, ,Buton, ,0,2.98412837400909,0.0682810706643731
21,Buton Utara,BA03050040, ,TASWIL5000020230907KABKOTA,"4326", , , , ,, ,"74.10","74",1755.829226103,4, , ,Buton Utara,Sulawesi Tenggara, ,Muna, ,0,4.67921811894818,0.143115018242219
22,Donggala,BA03050040, ,TASWIL5000020230907KABKOTA,"4326", , , , ,, ,"72.03","72",5126.58555299808,4, , ,Donggala,Sulawesi Tengah, , ,,0,9.36864933748567,0.416526716282373
23,Enrekang,BA03050040, ,TASWIL5000020230907KABKOTA,"4326", , , , ,, ,"73.16","73",1806.8155381157,4, , ,Enrekang,Sulawesi Selatan, , , ,0,2.17484432398649,0.147055261358398
24,Gorontalo,BA03050040, ,TASWIL5000020230907KABKOTA,"4326", , , , ,, ,"75.01","75",2160.36369133814,4, , ,Gorontalo,Gorontalo, , ,Sulawesi Utara,0,3.28865796590711,0.175522683824378
25,Gorontalo Utara,BA03050040, ,TASWIL5000020230907KABKOTA,"4326", , , , ,, ,"75.05","75",1703.58578984684,4, , ,Gorontalo Utara,Gorontalo, ,Gorontalo,Sulawesi Utara,0,5.40551043511734,0.138417030007527
26,Gowa,BA03050040, ,TASWIL5000020230907KABKOTA,"4326", , , , ,, ,"73.06","73",1812.99651961759,4, , ,Gowa,Sulawesi Selatan, , , ,0,3.1423978849821,0.147907269528933
27,Halmahera Barat,BA03050040, ,TASWIL5000020230907KABKOTA,"4326", , , , ,, ,"82.01","82",2239.11441858606,4, , ,Halmahera Barat,Maluku Utara, , ,Maluku,0,6.02084042538254,0.181959365680735
28,Halmahera Selatan,BA03050040, ,TASWIL5000020230907KABKOTA,"4326", , , , ,, ,"82.04","82",8096.39686622141,4, , ,Halmahera Selatan,Maluku Utara, ,Maluku Utara,Maluku,0,27.2121857845859,0.657856789551236
29,Halmahera Tengah,BA03050040, ,TASWIL5000020230907KABKOTA,"4326", , , , ,, ,"82.02","82",2276.90337710368,4, , ,Halmahera Tengah,Maluku Utara, , ,Maluku,0,7.36086961520488,0.184982985688862
30,Halmahera Timur,BA03050040, ,TASWIL5000020230907KABKOTA,"4326", , , , ,, ,"82.06","82",6488.73037558921,4, , ,Halmahera Timur,Maluku Utara, ,Halmahera Tengah,Maluku,0,7.18067669931231,0.527239627637116
31,Halmahera Utara,BA03050040, ,TASWIL5000020230907KABKOTA,"4326", , , , ,, ,"82.03","82",3404.62867693441,4, , ,Halmahera Utara,Maluku Utara, ,Maluku Utara,Maluku,0,6.80859208674045,0.27669805569211
32,Jeneponto,BA03050040, ,TASWIL5000020230907KABKOTA,"4326", , , , ,, ,"73.04","73",796.000629696681,4, , ,Jeneponto,Sulawesi Selatan, , , ,0,2.33224343151653,0.0649661202749043
33,Kepulauan Aru,BA03050040, ,TASWIL5000020230907KABKOTA,"4326", , , , ,, ,"81.07","81",8096.72935835538,4, , ,Kepulauan Aru,Maluku, ,Maluku Tenggara, ,0,34.3397569381229,0.66156188885012
34,Kepulauan Sangihe,BA03050040, ,TASWIL5000020230907KABKOTA,"4326", , , , ,, ,"71.03","71",597.259945548011,4, , ,Kepulauan Sangihe,Sulawesi Utara, , , ,0,4.22937403757135,0.0486130243238751
35,Kepulauan Selayar,BA03050040, ,TASWIL5000020230907KABKOTA,"4326", , , , ,, ,"73.01","73",1160.35860137802,4, , ,Kepulauan Selayar,Sulawesi Selatan, , , ,0,6.75602738575978,0.0948774895813301
36,Kep. Siau Tagulandang Biaro,BA03050040, ,TASWIL5000020230907KABKOTA,"4326", , , , ,, ,"71.09","71",217.28674913655,4, , ,Kep. Siau Tagulandang Biaro,Sulawesi Utara, , , ,0,2.03791894796544,0.0176696008347237
37,Kepulauan Sula,BA03050040, ,TASWIL5000020230907KABKOTA,"4326", , , , ,, ,"82.05","82",1778.52126577677,4, , ,Kepulauan Sula,Maluku Utara, ,Maluku Utara,Maluku,0,5.3742094180349,0.14457199841419
38,Kepulauan Talaud,BA03050040, ,TASWIL5000020230907KABKOTA,"4326", , , , ,, ,"71.04","71",1012.14010371464,4, , ,Kepulauan Talaud,Sulawesi Utara, ,Kep. Sangihe Talaud, ,0,3.65144306849753,0.0824460127416592
39,Kepulauan Tanimbar,BA03050040, ,TASWIL5000020230907KABKOTA,"4326", , , , ,, ,"81.03","81",4431.08211348868,4, , ,Kepulauan Tanimbar,Maluku, ,Maluku Tenggara, ,0,15.4898468001101,0.363082475754523
40,Kolaka,BA03050040, ,TASWIL5000020230907KABKOTA,"4326", , , , ,, ,"74.01","74",2958.92085719784,4, , ,Kolaka,Sulawesi Tenggara, , , ,0,5.39527306777371,0.240980839473739
41,Kolaka Timur,BA03050040, ,TASWIL5000020230907KABKOTA,"4326", , , , ,, ,"74.11","74",3992.53107078144,4, , ,Kolaka Timur,Sulawesi Tenggara, ,Kolaka, ,0,4.62416724674967,0.325055960897339
42,Kolaka Utara,BA03050040, ,TASWIL5000020230907KABKOTA,"4326", , , , ,, ,"74.08","74",2932.2519206081,4, , ,Kolaka Utara,Sulawesi Tenggara, ,Kolaka, ,0,3.9086502094925,0.238597308700846
43,Konawe,BA03050040, ,TASWIL5000020230907KABKOTA,"4326", , , , ,, ,"74.02","74",5351.85263389188,4, , ,Konawe,Sulawesi Tenggara, , , ,0,6.84601568997838,0.435602118514011
44,Konawe Kepulauan,BA03050040, ,TASWIL5000020230907KABKOTA,"4326", , , , ,, ,"74.12","74",705.711010276954,4, , ,Konawe Kepulauan,Sulawesi Tenggara, ,Konawe, ,0,1.17136047970804,0.0574768178025092
45,Konawe Selatan,BA03050040, ,TASWIL5000020230907KABKOTA,"4326", , , , ,, ,"74.05","74",4237.7405150556,4, , ,Konawe Selatan,Sulawesi Tenggara, ,Kendari, ,0,5.59324280043244,0.345208073275444
46,Konawe Utara,BA03050040, ,TASWIL5000020230907KABKOTA,"4326", , , , ,, ,"74.09","74",4219.81180816928,4, , ,Konawe Utara,Sulawesi Tenggara, ,Konawe, ,0,6.15591332033055,0.343408045869039
47,Kota Ambon,BA03050040, ,TASWIL5000020230907KABKOTA,"4326", , , , ,, ,"81.71","81",236.663143545364,5, , ,Kota Ambon,Maluku, , , ,0,1.30589748026563,0.0192655063687329
48,Kota Bau Bau,BA03050040, ,TASWIL5000020230907KABKOTA,"4326", , , , ,, ,"74.72","74",294.137423231212,5, , ,Kota Bau Bau,Sulawesi Tenggara, ,Buton, ,0,0.955179337167784,0.0240007870007503
49,Kota Bitung,BA03050040, ,TASWIL5000020230907KABKOTA,"4326", , , , ,, ,"71.72","71",329.724470976589,5, , ,Kota Bitung,Sulawesi Utara, ,Minahasa, ,0,1.86338052686066,0.0267959339523187
50,Kota Gorontalo,BA03050040, ,TASWIL5000020230907KABKOTA,"4326", , , , ,, ,"75.71","75",70.9329465909141,5, , ,Kota Gorontalo,Gorontalo, , ,Sulawesi Utara,0,0.462127857532017,0.0057629040134167
51,Kota Kendari,BA03050040, ,TASWIL5000020230907KABKOTA,"4326", , , , ,, ,"74.71","74",265.790696581521,5, , ,Kota Kendari,Sulawesi Tenggara, ,Kendari, ,0,1.21929531969085,0.0216443348270586
52,Kota Kotamobagu,BA03050040, ,TASWIL5000020230907KABKOTA,"4326", , , , ,, ,"71.74","71",108.892646650464,5, , ,Kota Kotamobagu,Sulawesi Utara, ,Bolaang Mongondow, ,0,0.501517190720522,0.00884720011878618
53,Kota Makassar,BA03050040, ,TASWIL5000020230907KABKOTA,"4326", , , , ,, ,"73.71","73",176.85229432503,5, , ,Kota Makassar,Sulawesi Selatan, , , ,0,1.18390727606909,0.0144240032009482
54,Kota Manado,BA03050040, ,TASWIL5000020230907KABKOTA,"4326", , , , ,, ,"71.71","71",162.353349446307,5, , ,Kota Manado,Sulawesi Utara, , , ,0,1.11843905361307,0.0131942843923582
55,Kota Palopo,BA03050040, ,TASWIL5000020230907KABKOTA,"4326", , , , ,, ,"73.73","73",273.235309259653,5, , ,Kota Palopo,Sulawesi Selatan, ,Luwu, ,0,0.933354350664662,0.0222271354236616
56,Kota Palu,BA03050040, ,TASWIL5000020230907KABKOTA,"4326", , , , ,, ,"72.71","72",356.350563393468,5, , ,Kota Palu,Sulawesi Tengah, ,Donggala,,0,1.79443709022326,0.0289532621910922
57,Kota Parepare,BA03050040, ,TASWIL5000020230907KABKOTA,"4326", , , , ,, ,"73.72","73",89.6703719044184,5, , ,Kota Parepare,Sulawesi Selatan, , , ,0,0.496250209165133,0.00730249067417315
58,Kota Ternate,BA03050040, ,TASWIL5000020230907KABKOTA,"4326", , , , ,, ,"82.71","82",162.202332026111,5, , ,Kota Ternate,Maluku Utara, ,Maluku Utara,Maluku,0,1.09809882361177,0.0131789514735928
59,Kota Tidore Kepulauan,BA03050040, ,TASWIL5000020230907KABKOTA,"4326", , , , ,, ,"82.72","82",1703.32201727318,5, , ,Kota Tidore Kepulauan,Maluku Utara, ,Halmahera Tengah,Maluku,0,3.26471097388046,0.138384976715436
60,Kota Tomohon,BA03050040, ,TASWIL5000020230907KABKOTA,"4326", , , , ,, ,"71.73","71",169.064441141534,5, , ,Kota Tomohon,Sulawesi Utara, ,Minahasa, ,0,0.630465219220488,0.0137385534243953
61,Kota Tual,BA03050040,"Berdasarkan Kepmendagri 2022-100.1.1-6117, Pulau Vatskoit masuk ke Kota Tual",TASWIL5000020230907KABKOTA,"4326", , , , ,, ,"81.72","81",234.417325485559,5, , ,Kota Tual,Maluku, ,Maluku Tenggara, ,0,3.14714818104224,0.0191318329550487
62,Luwu,BA03050040, ,TASWIL5000020230907KABKOTA,"4326", , , , ,, ,"73.17","73",2902.09926724937,4, , ,Luwu,Sulawesi Selatan, , , ,0,4.15537515141046,0.236129771538146
63,Luwu Timur,BA03050040, ,TASWIL5000020230907KABKOTA,"4326", , , , ,, ,"73.24","73",6745.9212504801,4, , ,Luwu Timur,Sulawesi Selatan, ,Luwu Utara, ,0,5.56500897204282,0.548579056274514
64,Majene,BA03050040, ,TASWIL5000020230907KABKOTA,"4326", , , , ,, ,"76.05","76",900.915813025862,4, , ,Majene,Sulawesi Barat, , ,Sulawesi Selatan,0,2.322029753775,0.0733009284151763
65,Maluku,BA03050040,,TASWIL5000020230907KABKOTA,"4326", , , , ,, , ,"81",0.118931752271835,999, , ,,Maluku, , , ,,0.023844487221723,9.7055730553221e-06
66,Maluku,BA03050040,,TASWIL5000020230907KABKOTA,"4326", , , , ,, , ,"81",0.139957191640194,999, , ,,Maluku, , , ,,0.0126213730817836,1.14185735277184e-05
67,Maluku,BA03050040,,TASWIL5000020230907KABKOTA,"4326", , , , ,, , ,"81",0.195180193140561,999, , ,,Maluku, , , ,,0.015773404992355,1.59246210563637e-05
68,Maluku,BA03050040,,TASWIL5000020230907KABKOTA,"4326", , , , ,, , ,"81",0.235272997085913,999, , ,,Maluku, , , ,,0.017388624135491,1.92001422790792e-05
69,Maluku,BA03050040,,TASWIL5000020230907KABKOTA,"4326", , , , ,, , ,"81",0.583357406701432,999, , ,,Maluku, , , ,,0.0399646651850112,4.76040326555134e-05
70,Maluku,BA03050040,,TASWIL5000020230907KABKOTA,"4326", , , , ,, , ,"81",1.03076281447929,999, , ,,Maluku, , , ,,0.0384823404262375,8.41036986396324e-05
71,Maluku Barat Daya,BA03050040, ,TASWIL5000020230907KABKOTA,"4326", , , , ,, ,"81.08","81",4551.67610961819,4, , ,Maluku Barat Daya,Maluku, ,Maluku Tengggara Barat, ,0,11.0785230160734,0.373175253394903
72,Maluku Tengah,BA03050040, ,TASWIL5000020230907KABKOTA,"4326", , , , ,, ,"81.01","81",8253.92875101886,4, , ,Maluku Tengah,Maluku, , , ,0,10.5237167416233,0.671575642955801
73,Maluku Utara,BA03050040,Pulau Bermasalah,TASWIL5000020230907KABKOTA,"4326", , , , ,, , ,"82",0.00642703097299936,999, , ,,Maluku Utara, , ,Maluku,0,0.00655217721300097,5.2217892697888e-07
74,Maluku Utara,BA03050040,"Berdasarkan Kepmendagri 050-145 Tahun 2022, masuk ke Maluku Utara",TASWIL5000020230907KABKOTA,"4326", , , , ,, , ,"82",0.00904988012414496,999, , ,,Maluku Utara, , ,Maluku,0,0.00493367757818818,7.35277846114434e-07
75,Maluku Utara,BA03050040,"Berdasarkan Kepmendagri 050-145 Tahun 2022, masuk ke Maluku Utara",TASWIL5000020230907KABKOTA,"4326", , , , ,, , ,"82",0.0117301948868153,999, , ,,Maluku Utara, , ,Maluku,0,0.00355320448840669,9.52975871765156e-07
76,Maluku Utara,BA03050040,"Berdasarkan Kepmendagri 050-145 Tahun 2022, masuk ke Maluku Utara",TASWIL5000020230907KABKOTA,"4326", , , , ,, , ,"82",0.163100696411582,999, , ,,Maluku Utara, , ,Maluku,0,0.0257277529637383,1.32514832227442e-05
77,Mamasa,BA03050040, ,TASWIL5000020230907KABKOTA,"4326", , , , ,, ,"76.03","76",3016.12975310208,4, , ,Mamasa,Sulawesi Barat, ,Polewali Mandar,Sulawesi Selatan,0,3.22345660153574,0.245349382766424
78,Mamuju,BA03050040, ,TASWIL5000020230907KABKOTA,"4326", , , , ,, ,"76.02","76",4942.25209752188,4, , ,Mamuju,Sulawesi Barat, , ,Sulawesi Selatan,0,5.36780249218975,0.401893274264784
79,Mamuju Tengah,BA03050040, ,TASWIL5000020230907KABKOTA,"4326", , , , ,, ,"76.06","76",2758.33482946619,4, , ,Mamuju Tengah,Sulawesi Barat, ,Mamuju,Sulawesi Selatan,0,3.30448539570568,0.224223370415316
80,Maros,BA03050040, ,TASWIL5000020230907KABKOTA,"4326", , , , ,, ,"73.09","73",1443.62566894576,4, , ,Maros,Sulawesi Selatan, , , ,0,2.50810730748282,0.117717616688342
81,Minahasa,BA03050040, ,TASWIL5000020230907KABKOTA,"4326", , , , ,, ,"71.02","71",1128.45274592458,4, , ,Minahasa,Sulawesi Utara, , , ,0,2.68942492176393,0.0916978989244035
82,Minahasa Selatan,BA03050040, ,TASWIL5000020230907KABKOTA,"4326", , , , ,, ,"71.05","71",1456.68993621153,4, , ,Minahasa Selatan,Sulawesi Utara, ,Minahasa, ,0,2.72174859607137,0.118363800417221
83,Minahasa Selatan/Bolaang Mongondwo Timur,BA03050040,"Danau Moat, area bermasalah",TASWIL5000020230907KABKOTA,"4326", , , , ,, ,71.05/71.10,"71",6.52813214644609,999, , ,Minahasa Selatan/Bolaang Mongondwo Timur,Sulawesi Utara, , , ,0,0.121295970599599,0.000530396052248008
84,Minahasa Tenggara,BA03050040, ,TASWIL5000020230907KABKOTA,"4326", , , , ,, ,"71.07","71",753.135726483187,4, , ,Minahasa Tenggara,Sulawesi Utara, ,Minahasa Selatan, ,0,1.73358220731175,0.0611947470832694
85,Minahasa Utara,BA03050040, ,TASWIL5000020230907KABKOTA,"4326", , , , ,, ,"71.06","71",995.549321688522,4, , ,Minahasa Utara,Sulawesi Utara, ,Minahasa, ,0,3.94205698314609,0.0809082603549333
86,Morowali,BA03050040, ,TASWIL5000020230907KABKOTA,"4326", , , , ,, ,"72.06","72",4486.89109306794,4, , ,Morowali,Sulawesi Tengah, ,Poso,,0,9.61444602744319,0.364923238402605
87,Morowali Utara,BA03050040, ,TASWIL5000020230907KABKOTA,"4326", , , , ,, ,"72.12","72",8736.00620780201,4, , ,Morowali Utara,Sulawesi Tengah, ,Morowali,,0,7.55980228461231,0.710080520991349
88,Muna,BA03050040, ,TASWIL5000020230907KABKOTA,"4326", , , , ,, ,"74.03","74",1858.09481162632,4, , ,Muna,Sulawesi Tenggara, , , ,0,5.32849464874295,0.151502694674436
89,Muna Barat,BA03050040, ,TASWIL5000020230907KABKOTA,"4326", , , , ,, ,"74.13","74",818.701593571383,4, , ,Muna Barat,Sulawesi Tenggara, ,Muna, ,0,2.6590698112218,0.0667415576998092
90,Pohuwato,BA03050040, ,TASWIL5000020230907KABKOTA,"4326", , , , ,, ,"75.04","75",4370.35934662546,4, , ,Pohuwato,Gorontalo, ,Boalemo,Sulawesi Utara,0,4.51203219081252,0.355077620018182
91,Pangkajene Dan Kepulauan,BA03050040, ,TASWIL5000020230907KABKOTA,"4326", , , , ,, ,"73.10","73",888.35423477474,4, , ,Pangkajene Dan Kepulauan,Sulawesi Selatan, , , ,0,5.60305824215089,0.072435731664524
92,Parigi Moutong,BA03050040, ,TASWIL5000020230907KABKOTA,"4326", , , , ,, ,"72.08","72",5805.60990557911,4, , ,Parigi Moutong,Sulawesi Tengah, ,Donggala,,0,9.00884646069815,0.471681706999474
93,Pasangkayu,BA03050040, ,TASWIL5000020230907KABKOTA,"4326", , , , ,, ,"76.01","76",2903.18349863962,4, , ,Pasangkayu,Sulawesi Barat, ,Mamuju,Sulawesi Selatan,0,4.19099489137818,0.235936664155763
94,Pinrang,BA03050040, ,TASWIL5000020230907KABKOTA,"4326", , , , ,, ,"73.15","73",1895.23686294845,4, , ,Pinrang,Sulawesi Selatan, , , ,0,2.64247654675762,0.15427246883899
95,Polewali Mandar,BA03050040, ,TASWIL5000020230907KABKOTA,"4326", , , , ,, ,"76.04","76",2075.27102616092,4, , ,Polewali Mandar,Sulawesi Barat, , ,Sulawesi Selatan,0,2.72027247971983,0.168871394483312
96,Pulau Morotai,BA03050040, ,TASWIL5000020230907KABKOTA,"4326", , , , ,, ,"82.07","82",2337.33106433158,4, , ,Pulau Morotai,Maluku Utara, ,Halmahera Utara,Maluku,0,3.28918237597148,0.190038577299175
97,Pulau Taliabu,BA03050040, ,TASWIL5000020230907KABKOTA,"4326", , , , ,, ,"82.08","82",2985.74817963298,4, , ,Pulau Taliabu,Maluku Utara, ,Kepulauan Sula,Maluku,0,5.68748159365729,0.242684198573744
98,Seram Bagian Barat,BA03050040, ,TASWIL5000020230907KABKOTA,"4326", , , , ,, ,"81.06","81",5017.13815331979,4, , ,Seram Bagian Barat,Maluku, ,Maluku Tengah, ,0,7.71321225876177,0.408195131024978
99,Seram Bagian Timur,BA03050040, ,TASWIL5000020230907KABKOTA,"4326", , , , ,, ,"81.05","81",5725.44659822743,4, , ,Seram Bagian Timur,Maluku, ,Maluku Tengah, ,0,6.70448966033714,0.465952295516466
100,Sidenreng Rappang,BA03050040, ,TASWIL5000020230907KABKOTA,"4326", , , , ,, ,"73.14","73",1832.30025420351,4, , ,Sidenreng Rappang,Sulawesi Selatan, , , ,0,3.23047298114662,0.149179619473024
101,Sigi,BA03050040, ,TASWIL5000020230907KABKOTA,"4326", , , , ,, ,"72.10","72",5225.43453932221,4, , ,Sigi,Sulawesi Tengah, ,Donggala,,0,4.93091212861565,0.424649274885969
102,Sinjai,BA03050040, ,TASWIL5000020230907KABKOTA,"4326", , , , ,, ,"73.07","73",865.244292561612,4, , ,Sinjai,Sulawesi Selatan, , , ,0,1.93167137779672,0.0705770150376488
103,Soppeng,BA03050040, ,TASWIL5000020230907KABKOTA,"4326", , , , ,, ,"73.12","73",1385.54618476541,4, , ,Soppeng,Sulawesi Selatan, , , ,0,1.97711974650091,0.112877835941927
104,Sulawesi Selatan,BA03050040,"Berdasarkan Kepmendagri 050-145 Tahun 2022, masuk ke Sulawesi Selatan",TASWIL5000020230907KABKOTA,"4326", , , , ,, , ,"73",0.249977278696935,6, , ,,Sulawesi Selatan, , , ,0,0.0205922591397996,2.0405864270576e-05
105,Takalar,BA03050040, ,TASWIL5000020230907KABKOTA,"4326", , , , ,, ,"73.05","73",555.431175623466,4, , ,Takalar,Sulawesi Selatan, , , ,0,3.33113030566491,0.0453208893004071
106,Tana Toraja,BA03050040, ,TASWIL5000020230907KABKOTA,"4326", , , , ,, ,"73.18","73",2043.62251932337,4, , ,Tana Toraja,Sulawesi Selatan, , , ,0,3.48140100846718,0.166265404942043
107,Tojo Una Una,BA03050040, ,TASWIL5000020230907KABKOTA,"4326", , , , ,, ,"72.09","72",5572.85629148294,4, , ,Tojo Una Una,Sulawesi Tengah, ,Poso,,0,13.0042973693964,0.452836480833199
108,Toli Toli,BA03050040, ,TASWIL5000020230907KABKOTA,"4326", , , , ,, ,"72.04","72",3700.36895104667,4, , ,Toli Toli,Sulawesi Tengah, , ,,0,6.23110925863994,0.3006613836424
109,Toraja Utara,BA03050040, ,TASWIL5000020230907KABKOTA,"4326", , , , ,, ,"73.26","73",1289.13414675932,4, , ,Toraja Utara,Sulawesi Selatan, ,Tana Toraja, ,0,2.22050049647948,0.104859502325103
110,Wakatobi,BA03050040, ,TASWIL5000020230907KABKOTA,"4326", , , , ,, ,"74.07","74",450.455914283456,4, , ,Wakatobi,Sulawesi Tenggara, ,Buton, ,0,3.71804674371379,0.0367648905913481
111,Wajo,BA03050040, ,TASWIL5000020230907KABKOTA,"4326", , , , ,, ,"73.13","73",2608.71195202062,4, , ,Wajo,Sulawesi Selatan, , , ,0,3.08598165537218,0.212436685703503
112,Luwu Utara,BA03050040,"Pulau Ulau Lawatu, Pulau Laputeang masuk ke Luwu Utara berdasarkanKepemndagri 2022-100.1.1.1667",TASWIL5000020230907KABKOTA,"4326", , , , ,, ,"73.22","73",7422.43924278308,4, , ,Luwu Utara,Sulawesi Selatan, ,Luwu, ,0,4.74484577372694,0.603523466202969
113,Aceh Barat,BA03050040,,TASWIL5000020230907KABKOTA,"4326", , , , ,, ,"11.05","11",2782.87300745678,4, , ,Aceh Barat,Aceh, , , ,0,2.62468318778759,0.226750515046104
114,Aceh Barat Daya,BA03050040,,TASWIL5000020230907KABKOTA,"4326", , , , ,, ,"11.12","11",1882.2766875337,4, , ,Aceh Barat Daya,Aceh, ,Aceh Selatan, ,0,2.27246509623281,0.153249919620622
115,Aceh Besar,BA03050040,,TASWIL5000020230907KABKOTA,"4326", , , , ,, ,"11.06","11",2891.47739212756,4, , ,Aceh Besar,Aceh, , , ,0,4.6681488163131,0.235918624635696
116,Aceh Jaya,BA03050040,,TASWIL5000020230907KABKOTA,"4326", , , , ,, ,"11.14","11",3872.35246729384,4, , ,Aceh Jaya,Aceh, ,Aceh Barat, ,0,3.39233252382937,0.315687532660186
117,Aceh Selatan,BA03050040,,TASWIL5000020230907KABKOTA,"4326", , , , ,, ,"11.01","11",4175.37468860783,4, , ,Aceh Selatan,Aceh, , , ,0,4.37648280243514,0.33972017336331
118,Aceh Singkil,BA03050040,,TASWIL5000020230907KABKOTA,"4326", , , , ,, ,"11.10","11",1852.82339581973,4, , ,Aceh Singkil,Aceh, ,Aceh Selatan, ,0,4.78275968637929,0.150648456571227
119,Aceh Tamiang,BA03050040,,TASWIL5000020230907KABKOTA,"4326", , , , ,, ,"11.16","11",2187.65711040124,4, , ,Aceh Tamiang,Aceh, ,Aceh Timur, ,0,2.79886997066439,0.178199047207818
120,Aceh Tengah,BA03050040,,TASWIL5000020230907KABKOTA,"4326", , , , ,, ,"11.04","11",4468.41743144929,4, , ,Aceh Tengah,Aceh, , , ,0,4.00511369237049,0.364122196804051
121,Aceh Tenggara,BA03050040,,TASWIL5000020230907KABKOTA,"4326", , , , ,, ,"11.02","11",4179.12321841563,4, , ,Aceh Tenggara,Aceh, , , ,0,3.38135402431857,0.340089875341389
122,Aceh Timur,BA03050040,,TASWIL5000020230907KABKOTA,"4326", , , , ,, ,"11.03","11",5409.40641866427,4, , ,Aceh Timur,Aceh, , , ,0,5.2890312875253,0.440869215108124
123,Aceh Utara,BA03050040,,TASWIL5000020230907KABKOTA,"4326", , , , ,, ,"11.08","11",2705.25529095167,4, , ,Aceh Utara,Aceh, , , ,0,3.91312406877635,0.220600008477291
124,Agam,BA03050040,,TASWIL5000020230907KABKOTA,"4326", , , , ,, ,"13.06","13",2226.27036017677,4, , ,Agam,Sumatera Barat, , , ,0,2.81240922022806,0.180866105998803
125,Asahan,BA03050040,,TASWIL5000020230907KABKOTA,"4326", , , , ,, ,"12.09","12",3737.82989272831,4, , ,Asahan,Sumatera Utara, , , ,0,3.76868948882217,0.304020059457347
126,Bangka,BA03050040,,TASWIL5000020230907KABKOTA,"4326", , , , ,, ,"19.01","19",3016.84679849787,4, , ,Bangka,Kepulauan Bangka Belitung, , ,Sumatera Selatan,0,4.06803974797949,0.245224577530332
127,Bangka Barat,BA03050040,,TASWIL5000020230907KABKOTA,"4326", , , , ,, ,"19.05","19",2851.40828990813,4, , ,Bangka Barat,Kepulauan Bangka Belitung, ,Bangka,Sumatera Selatan,0,3.63591039112811,0.231774344009275
128,Bangka Selatan,BA03050040,,TASWIL5000020230907KABKOTA,"4326", , , , ,, ,"19.03","19",3598.23874134965,4, , ,Bangka Selatan,Kepulauan Bangka Belitung, ,Bangka,Sumatera Selatan,0,5.17338261887314,0.292659938503947
129,Bangka Tengah,BA03050040,,TASWIL5000020230907KABKOTA,"4326", , , , ,, ,"19.04","19",2259.98163708585,4, , ,Bangka Tengah,Kepulauan Bangka Belitung, ,Bangka,Sumatera Selatan,0,3.80974831011787,0.183764539842925
130,Banyuasin,BA03050040,,TASWIL5000020230907KABKOTA,"4326", , , , ,, ,"16.07","16",12262.7387312198,4, , ,Banyuasin,Sumatera Selatan, ,Musi Banyuasin, ,0,10.7051022826458,0.997194368709958
131,Batanghari,BA03050040,,TASWIL5000020230907KABKOTA,"4326", , , , ,, ,"15.04","15",5453.68918586207,4, , ,Batanghari,Jambi, , , ,0,4.90289507057903,0.443266755021538
132,Batu Bara,BA03050040,,TASWIL5000020230907KABKOTA,"4326", , , , ,, ,"12.19","12",888.142369921872,4, , ,Batu Bara,Sumatera Utara, ,Asahan, ,0,2.41913325344366,0.0722656593684959
133,Belitung,BA03050040,,TASWIL5000020230907KABKOTA,"4326", , , , ,, ,"19.02","19",2270.70769594653,4, , ,Belitung,Kepulauan Bangka Belitung, , ,Sumatera Selatan,0,6.73658352762222,0.184700324302639
134,Belitung Timur,BA03050040,,TASWIL5000020230907KABKOTA,"4326", , , , ,, ,"19.06","19",2588.40295231626,4, , ,Belitung Timur,Kepulauan Bangka Belitung, ,Belitung,Sumatera Selatan,0,5.05141161828115,0.210548926009943
135,Bener Meriah,BA03050040,,TASWIL5000020230907KABKOTA,"4326", , , , ,, ,"11.17","11",1907.39929778039,4, , ,Bener Meriah,Aceh, ,Aceh Tengah, ,0,2.45427827631365,0.15548317442638
136,Bengkalis,BA03050040,,TASWIL5000020230907KABKOTA,"4326", , , , ,, ,"14.03","14",8616.35798018262,4, , ,Bengkalis,Riau, , , ,0,7.82147949106413,0.700215051781604
137,Bengkulu Selatan,BA03050040,,TASWIL5000020230907KABKOTA,"4326", , , , ,, ,"17.01","17",1219.21803946351,4, , ,Bengkulu Selatan,Bengkulu, , , ,0,1.81713201959185,0.0993287731169067
138,Bengkulu Tengah,BA03050040,,TASWIL5000020230907KABKOTA,"4326", , , , ,, ,"17.09","17",1132.37980154036,4, , ,Bengkulu Tengah,Bengkulu, ,Bengkulu Utara, ,0,1.69106213945803,0.0921811750625307
139,Bengkulu Utara,BA03050040,,TASWIL5000020230907KABKOTA,"4326", , , , ,, ,"17.03","17",4481.99177192683,4, , ,Bengkulu Utara,Bengkulu, , , ,0,4.49043562232943,0.364775353825601
140,Bintan,BA03050040,,TASWIL5000020230907KABKOTA,"4326", , , , ,, ,"21.01","21",1317.1488944338,4, , ,Bintan,Kepulauan Riau, , , ,0,9.38969706177095,0.107022771702531
141,Bireuen,BA03050040,,TASWIL5000020230907KABKOTA,"4326", , , , ,, ,"11.11","11",1796.99237312238,4, , ,Bireuen,Aceh, ,Aceh Utara, ,0,2.0419852169648,0.146552808824404
142,Bungo,BA03050040,,TASWIL5000020230907KABKOTA,"4326", , , , ,, ,"15.08","15",4760.82699010067,4, , ,Bungo,Jambi, , , ,0,4.00056571644647,0.386920690897229
143,Dairi,BA03050040,<Null>,TASWIL5000020230907KABKOTA,"4326", , , , ,, ,"12.11","12",2083.60429962155,4, , ,Dairi,Sumatera Utara, , , ,0,2.37682956060789,0.169476903017638
144,Deli Serdang,BA03050040,,TASWIL5000020230907KABKOTA,"4326", , , , ,, ,"12.07","12",2581.23236021298,4, , ,Deli Serdang,Sumatera Utara, , , ,0,4.56355967625567,0.210079807508126
145,Dharmasraya,BA03050040,,TASWIL5000020230907KABKOTA,"4326", , , , ,, ,"13.10","13",2920.92501208847,4, , ,Dharmasraya,Sumatera Barat, ,Sawah Lunto, ,0,4.35566187689146,0.237344806927279
146,Empat Lawang,BA03050040,,TASWIL5000020230907KABKOTA,"4326", , , , ,, ,"16.11","16",2234.09673910094,4, , ,Empat Lawang,Sumatera Selatan, ,Lahat, ,0,2.52075343439642,0.181879907823516
147,Gayo Lues,BA03050040,,TASWIL5000020230907KABKOTA,"4326", , , , ,, ,"11.13","11",5541.28455442146,4, , ,Gayo Lues,Aceh, ,Aceh Tenggara, ,0,3.52366580459555,0.451240933566561
148,Humbang Hasundutan,BA03050040,<Null>,TASWIL5000020230907KABKOTA,"4326", , , , ,, ,"12.16","12",2351.51421770241,4, , ,Humbang Hasundutan,Sumatera Utara, ,Tapanuli Utara, ,0,2.33763697591932,0.191184267065437
149,Indragiri Hilir,BA03050040,,TASWIL5000020230907KABKOTA,"4326", , , , ,, ,"14.04","14",13521.2628347007,4, , ,Indragiri Hilir,Riau, , , ,0,7.37231237530624,1.09851042148892
150,Indragiri Hulu,BA03050040,,TASWIL5000020230907KABKOTA,"4326", , , , ,, ,"14.02","14",7871.84968404893,4, , ,Indragiri Hulu,Riau, , , ,0,4.58568097253238,0.639550848519725
151,Kampar,BA03050040,,TASWIL5000020230907KABKOTA,"4326", , , , ,, ,"14.01","14",10352.8025325346,4, , ,Kampar,Riau, , , ,0,7.83544312369111,0.841096503879164
152,Karimun,BA03050040,,TASWIL5000020230907KABKOTA,"4326", , , , ,, ,"21.02","21",930.452564925373,4, , ,Karimun,Kepulauan Riau, ,Bintan, ,0,9.43879730692946,0.0755986211540397
153,Karo,BA03050040,<Null>,TASWIL5000020230907KABKOTA,"4326", , , , ,, ,"12.06","12",2206.87626707438,4, , ,Karo,Sumatera Utara, , , ,0,2.7342060922199,0.179547635880647
154,Kaur,BA03050040,,TASWIL5000020230907KABKOTA,"4326", , , , ,, ,"17.04","17",2608.55629381017,4, , ,Kaur,Bengkulu, ,Bengkulu Selatan, ,0,2.93097893079987,0.212591958208681
155,Kepahiang,BA03050040,,TASWIL5000020230907KABKOTA,"4326", , , , ,, ,"17.08","17",738.965373021398,4, , ,Kepahiang,Bengkulu, ,Rejang Lebong, ,0,1.25949783887588,0.0601516399312979
156,Kepulauan Anambas,BA03050040,,TASWIL5000020230907KABKOTA,"4326", , , , ,, ,"21.05","21",627.026673005496,4, , ,Kepulauan Anambas,Kepulauan Riau, ,Natuna, ,0,11.4316710623456,0.0510125213246556
157,Kepulauan Mentawai,BA03050040,,TASWIL5000020230907KABKOTA,"4326", , , , ,, ,"13.09","13",5983.22249474596,4, , ,Kepulauan Mentawai,Sumatera Barat, ,Padang Pariaman, ,0,14.6985044837678,0.486363474611835
158,Kepulauan Meranti,BA03050040,,TASWIL5000020230907KABKOTA,"4326", , , , ,, ,"14.10","14",3623.5584753178,4, , ,Kepulauan Meranti,Riau, ,Bengkalis, ,0,5.55830216946804,0.294426091439094
159,Kepulauan Riau,BA03050040,,TASWIL5000020230907KABKOTA,"4326", , , , ,, ,,"21",0.0965138688588932,4, , ,,Kepulauan Riau, ,, ,0,0.0403706669772529,7.841723870225e-06
160,Kerinci,BA03050040,,TASWIL5000020230907KABKOTA,"4326", , , , ,, ,"15.01","15",3445.1959649448,4, , ,Kerinci,Jambi, , , ,0,3.0994923256952,0.28006374707182
161,Kota Banda Aceh,BA03050040,,TASWIL5000020230907KABKOTA,"4326", , , , ,, ,"11.71","11",56.7696384281158,5, , ,Kota Banda Aceh,Aceh, , , ,0,0.668506978804277,0.00463322488128698
162,Kota Bandar Lampung,BA03050040,,TASWIL5000020230907KABKOTA,"4326", , , , ,, ,"18.71","18",183.745100194222,5, , ,Kota Bandar Lampung,Lampung, , , ,0,1.06777371835675,0.014992727809589
163,Kota Batam,BA03050040,,TASWIL5000020230907KABKOTA,"4326", , , , ,, ,"21.71","21",1034.73217332391,5, , ,Kota Batam,Kepulauan Riau, ,Bintan, ,0,13.9234738533171,0.0840744009782246
164,Kota Bengkulu,BA03050040,,TASWIL5000020230907KABKOTA,"4326", , , , ,, ,"17.71","17",150.34827227058,5, , ,Kota Bengkulu,Bengkulu, , , ,0,0.924102307604911,0.0122412015477462
165,Kota Binjai,BA03050040,,TASWIL5000020230907KABKOTA,"4326", , , , ,, ,"12.75","12",93.7700748272726,5, , ,Kota Binjai,Sumatera Utara, , , ,0,0.651280893840014,0.00763262683748824
166,Kota Bukittinggi,BA03050040,,TASWIL5000020230907KABKOTA,"4326", , , , ,, ,"13.75","13",24.1727381838937,5, , ,Kota Bukittinggi,Sumatera Barat, , , ,0,0.267904052675306,0.00196384099262861
167,Kota Dumai,BA03050040,,TASWIL5000020230907KABKOTA,"4326", , , , ,, ,"14.72","14",2059.6127620926,5, , ,Kota Dumai,Riau, ,Bengkalis, ,0,2.6932229624844,0.167408051518974
168,Kota Gunungsitoli,BA03050040,,TASWIL5000020230907KABKOTA,"4326", , , , ,, ,"12.78","12",208.684402972791,5, , ,Kota Gunungsitoli,Sumatera Utara, ,Nias, ,0,0.941652079845774,0.0169579507525456
169,Kota Jambi,BA03050040,,TASWIL5000020230907KABKOTA,"4326", , , , ,, ,"15.71","15",169.887314504839,5, , ,Kota Jambi,Jambi, , , ,0,0.628202894891118,0.0138071582737858
170,Kota Langsa,BA03050040,,TASWIL5000020230907KABKOTA,"4326", , , , ,, ,"11.74","11",224.235263547096,5, , ,Kota Langsa,Aceh, ,Aceh Timur, ,0,1.04246772639402,0.0182714573654012
171,Kota Lhokseumawe,BA03050040,,TASWIL5000020230907KABKOTA,"4326", , , , ,, ,"11.73","11",132.965902339032,5, , ,Kota Lhokseumawe,Aceh, ,Aceh Utara, ,0,0.759884443152783,0.0108451393149131
172,Kota Lubuk Linggau,BA03050040,,TASWIL5000020230907KABKOTA,"4326", , , , ,, ,"16.73","16",367.725655894106,5, , ,Kota Lubuk Linggau,Sumatera Selatan, ,Musi Rawas, ,0,1.11335549201791,0.029921587942125
173,Kota Medan,BA03050040,,TASWIL5000020230907KABKOTA,"4326", , , , ,, ,"12.71","12",279.290433551893,5, , ,Kota Medan,Sumatera Utara, , , ,0,1.71864948736894,0.0227341961240252
174,Kota Metro,BA03050040,,TASWIL5000020230907KABKOTA,"4326", , , , ,, ,"18.72","18",73.214049645049,5, , ,Kota Metro,Lampung, ,Lampung Tengah, ,0,0.6174564609751,0.00597114186329517
175,Kota Padang,BA03050040,,TASWIL5000020230907KABKOTA,"4326", , , , ,, ,"13.71","13",694.336514562639,5, , ,Kota Padang,Sumatera Barat, , , ,0,1.86852329569375,0.0564153423427081
176,Kota Padang Panjang,BA03050040,,TASWIL5000020230907KABKOTA,"4326", , , , ,, ,"13.74","13",23.5600725211463,5, , ,Kota Padang Panjang,Sumatera Barat, , , ,0,0.272394284942088,0.00191410467298104
177,Kota Padang Sidempuan,BA03050040,,TASWIL5000020230907KABKOTA,"4326", , , , ,, ,"12.77","12",159.298374777936,5, , ,Kota Padang Sidempuan,Sumatera Utara, ,Tapanuli Selatan, ,0,0.474038798595441,0.012945257096305
178,Kota Pagar Alam,BA03050040,,TASWIL5000020230907KABKOTA,"4326", , , , ,, ,"16.72","16",625.91313829851,5, , ,Kota Pagar Alam,Sumatera Selatan, ,Lahat, ,0,1.40913381149868,0.0509778574066507
179,Kota Palembang,BA03050040,,TASWIL5000020230907KABKOTA,"4326", , , , ,, ,"16.71","16",352.522975798644,5, , ,Kota Palembang,Sumatera Selatan, , , ,0,1.31473011076359,0.0286768220356325
180,Kota Pangkal Pinang,BA03050040,,TASWIL5000020230907KABKOTA,"4326", , , , ,, ,"19.71","19",104.541536957499,5, , ,Kota Pangkal Pinang,Kepulauan Bangka Belitung, , ,Sumatera Selatan,0,0.525686618261518,0.00849865925594318
181,Kota Pariaman,BA03050040,,TASWIL5000020230907KABKOTA,"4326", , , , ,, ,"13.77","13",64.7672358833049,5, , ,Kota Pariaman,Sumatera Barat, ,Pariaman, ,0,0.482581471187824,0.00526203753504545
182,Kota Payakumbuh,BA03050040,,TASWIL5000020230907KABKOTA,"4326", , , , ,, ,"13.76","13",74.5515118099507,5, , ,Kota Payakumbuh,Sumatera Barat, , , ,0,0.442988349361191,0.00605667804844024
183,Kota Pekanbaru,BA03050040,,TASWIL5000020230907KABKOTA,"4326", , , , ,, ,"14.71","14",638.331320852918,5, , ,Kota Pekanbaru,Riau, , , ,0,1.42760792314738,0.0518609743118094
184,Kota Pematangsiantar,BA03050040,,TASWIL5000020230907KABKOTA,"4326", , , , ,, ,"12.72","12",75.9185600081071,5, , ,Kota Pematangsiantar,Sumatera Utara, , , ,0,0.55508032153438,0.00617571930588815
185,Kota Prabumulih,BA03050040,,TASWIL5000020230907KABKOTA,"4326", , , , ,, ,"16.74","16",447.311161669357,5, , ,Kota Prabumulih,Sumatera Selatan, ,Muara Enim, ,0,1.15226370275471,0.036404116825573
186,Kota Sabang,BA03050040,,TASWIL5000020230907KABKOTA,"4326", , , , ,, ,"11.72","11",122.063048685055,5, , ,Kota Sabang,Aceh, , , ,0,0.923216477683189,0.00996682831685859
187,Kota Sawahlunto,BA03050040,,TASWIL5000020230907KABKOTA,"4326", , , , ,, ,"13.73","13",231.945427384105,5, , ,Kota Sawahlunto,Sumatera Barat, , , ,0,0.741966895324745,0.0188446521689538
188,Kota Sibolga,BA03050040,,TASWIL5000020230907KABKOTA,"4326", , , , ,, ,"12.73","12",11.4710426827097,5, , ,Kota Sibolga,Sumatera Utara, , , ,0,0.185820374805896,0.000932337352579515
189,Kota Solok,BA03050040,,TASWIL5000020230907KABKOTA,"4326", , , , ,, ,"13.72","13",58.7199425570031,5, , ,Kota Solok,Sumatera Barat, , , ,0,0.462536036768421,0.00477089422505479
190,Kota Subulussalam,BA03050040,,TASWIL5000020230907KABKOTA,"4326", , , , ,, ,"11.75","11",1183.60080585654,5, , ,Kota Subulussalam,Aceh, ,Aceh Singkil, ,0,1.82130574221926,0.0962633536401101
191,Kota Sungai Penuh,BA03050040,,TASWIL5000020230907KABKOTA,"4326", , , , ,, ,"15.72","15",364.924202642094,5, , ,Kota Sungai Penuh,Jambi, ,Kerinci, ,0,0.77536583436916,0.029666418715115
192,Kota Tanjung Balai,BA03050040,,TASWIL5000020230907KABKOTA,"4326", , , , ,, ,"12.74","12",60.0720621791207,5, , ,Kota Tanjung Balai,Sumatera Utara, , , ,0,0.377391227017104,0.00488667097527366
193,Kota Tanjung Pinang,BA03050040,,TASWIL5000020230907KABKOTA,"4326", , , , ,, ,"21.72","21",150.372969306182,5, , ,Kota Tanjung Pinang,Kepulauan Riau, ,Bintan, ,0,1.29646031529865,0.012217968180093
194,Kota Tebing Tinggi,BA03050040,,TASWIL5000020230907KABKOTA,"4326", , , , ,, ,"12.76","12",39.1696858868139,5, , ,Kota Tebing Tinggi,Sumatera Utara, , , ,0,0.492078983559593,0.0031874130366075
195,Kuantan Singingi,BA03050040,,TASWIL5000020230907KABKOTA,"4326", , , , ,, ,"14.09","14",5457.8626223982,4, , ,Kuantan Singingi,Riau, ,Indragiri hulu, ,0,4.11162115584341,0.443419280545379
196,Labuhanbatu,BA03050040,,TASWIL5000020230907KABKOTA,"4326", , , , ,, ,"12.10","12",2772.38401431379,4, , ,Labuhanbatu,Sumatera Utara, , , ,0,4.17169828543277,0.225406957358682
197,Labuhanbatu Selatan,BA03050040,,TASWIL5000020230907KABKOTA,"4326", , , , ,, ,"12.22","12",3079.61005874113,4, , ,Labuhanbatu Selatan,Sumatera Utara, ,Labuhanbatu, ,0,3.82292413101893,0.25031730715123
198,Labuhanbatu Utara,BA03050040,,TASWIL5000020230907KABKOTA,"4326", , , , ,, ,"12.23","12",3686.01280273987,4, , ,Labuhanbatu Utara,Sumatera Utara, ,Labuhanbatu, ,0,3.55827887335399,0.299714669741037
199,Lahat,BA03050040,,TASWIL5000020230907KABKOTA,"4326", , , , ,, ,"16.04","16",4333.06459432759,4, , ,Lahat,Sumatera Selatan, , , ,0,4.81807518876971,0.352790238301231
200,Lampung Barat,BA03050040,,TASWIL5000020230907KABKOTA,"4326", , , , ,, ,"18.04","18",2107.99278887548,4, , ,Lampung Barat,Lampung, ,Lampung Utara, ,0,2.66978182044788,0.171905184326228
201,Lampung Tengah,BA03050040,,TASWIL5000020230907KABKOTA,"4326", , , , ,, ,"18.02","18",4559.56963492588,4, , ,Lampung Tengah,Lampung, , , ,0,5.73322890160748,0.371724533912199
202,Lampung Timur,BA03050040,,TASWIL5000020230907KABKOTA,"4326", , , , ,, ,"18.07","18",3860.92015171704,4, , ,Lampung Timur,Lampung, ,Lampung Tengah, ,0,4.49354537205078,0.314895069966112
203,Lampung Utara,BA03050040,,TASWIL5000020230907KABKOTA,"4326", , , , ,, ,"18.03","18",2669.30412715285,4, , ,Lampung Utara,Lampung, , , ,0,3.01685421823963,0.217599097735888
204,Langkat,BA03050040,,TASWIL5000020230907KABKOTA,"4326", , , , ,, ,"12.05","12",6140.03532891109,4, , ,Langkat,Sumatera Utara, , , ,0,5.16659457472276,0.49984530689531
205,Lebong,BA03050040,,TASWIL5000020230907KABKOTA,"4326", , , , ,, ,"17.07","17",1666.62141231725,4, , ,Lebong,Bengkulu, ,Rejang Lebong, ,0,2.28499366628214,0.135590206867376
206,Lima Puluh Kota,BA03050040,,TASWIL5000020230907KABKOTA,"4326", , , , ,, ,"13.07","13",3273.40482503485,4, , ,Lima Puluh Kota,Sumatera Barat, , , ,0,3.90223840362101,0.265935661179466
207,Lingga,BA03050040,,TASWIL5000020230907KABKOTA,"4326", , , , ,, ,"21.04","21",2210.81918430603,4, , ,Lingga,Kepulauan Riau, ,Bintan, ,0,20.9797303182368,0.179612109316403
208,Mandailing Natal,BA03050040,,TASWIL5000020230907KABKOTA,"4326", , , , ,, ,"12.13","12",6547.25740034359,4, , ,Mandailing Natal,Sumatera Utara, ,Tapanuli Selatan, ,0,5.6446265376277,0.531956436125248
209,Merangin,BA03050040,,TASWIL5000020230907KABKOTA,"4326", , , , ,, ,"15.02","15",7540.11789018544,4, , ,Merangin,Jambi, , , ,0,5.14765914154004,0.61300880034303
210,Mesuji,BA03050040,,TASWIL5000020230907KABKOTA,"4326", , , , ,, ,"18.11","18",2200.41373524248,4, , ,Mesuji,Lampung, ,Tulang Bawang, ,0,2.89451447414842,0.179194038992935
211,Muara Enim,BA03050040,,TASWIL5000020230907KABKOTA,"4326", , , , ,, ,"16.03","16",6763.91165101479,4, , ,Muara Enim,Sumatera Selatan, , , ,0,7.79923327760343,0.550593739075232
212,Muaro Jambi,BA03050040,,TASWIL5000020230907KABKOTA,"4326", , , , ,, ,"15.05","15",5159.62279724181,4, , ,Muaro Jambi,Jambi, ,Batang Hari, ,0,5.58293463579378,0.419336128927425
213,Muko Muko,BA03050040,,TASWIL5000020230907KABKOTA,"4326", , , , ,, ,"17.06","17",4138.67744947625,4, , ,Muko Muko,Bengkulu, ,Bengkulu Utara, ,0,2.86802508124044,0.33659274702356
214,Musi Banyuasin,BA03050040,,TASWIL5000020230907KABKOTA,"4326", , , , ,, ,"16.06","16",14550.7875065287,4, , ,Musi Banyuasin,Sumatera Selatan, , , ,0,7.70946974584728,1.1831945340043
215,Musi Rawas,BA03050040,,TASWIL5000020230907KABKOTA,"4326", , , , ,, ,"16.05","16",6122.58775537599,4, , ,Musi Rawas,Sumatera Selatan, , , ,0,4.80768688489331,0.498146605877372
216,Musi Rawas Utara,BA03050040,,TASWIL5000020230907KABKOTA,"4326", , , , ,, ,"16.13","16",5937.80294754568,4, , ,Musi Rawas Utara,Sumatera Selatan, ,Musi Rawas, ,0,4.1813565380929,0.482931861074485
217,Nagan Raya,BA03050040,,TASWIL5000020230907KABKOTA,"4326", , , , ,, ,"11.15","11",3524.16434222227,4, , ,Nagan Raya,Aceh, ,Aceh Barat, ,0,3.35603763939542,0.287045501578461
218,Natuna,BA03050040,,TASWIL5000020230907KABKOTA,"4326", , , , ,, ,"21.03","21",1999.15471588858,4, , ,Natuna,Kepulauan Riau, ,Bintan, ,0,8.60363695558191,0.162762283562755
219,Nias,BA03050040,,TASWIL5000020230907KABKOTA,"4326", , , , ,, ,"12.04","12",902.395097243313,4, , ,Nias,Sumatera Utara, ,Nias, ,0,1.84979636822973,0.0733241091200819
220,Nias Barat,BA03050040,,TASWIL5000020230907KABKOTA,"4326", , , , ,, ,"12.25","12",464.219462050456,4, , ,Nias Barat,Sumatera Utara, ,Nias, ,0,1.70008383162139,0.0377195686871809
221,Nias Selatan,BA03050040,,TASWIL5000020230907KABKOTA,"4326", , , , ,, ,"12.14","12",2531.70286628564,4, , ,Nias Selatan,Sumatera Utara, ,Nias, ,0,8.43309513303777,0.205689409455198
222,Nias Utara,BA03050040,,TASWIL5000020230907KABKOTA,"4326", , , , ,, ,"12.24","12",1238.05510025134,4, , ,Nias Utara,Sumatera Utara, ,Nias, ,0,2.91673806524841,0.100606648467713
223,Ogan Ilir,BA03050040,,TASWIL5000020230907KABKOTA,"4326", , , , ,, ,"16.10","16",2302.85791909446,4, , ,Ogan Ilir,Sumatera Selatan, ,Ogan Komering Ilir, ,0,3.13035647412964,0.187411220971087
224,Ogan Komering Ilir,BA03050040,,TASWIL5000020230907KABKOTA,"4326", , , , ,, ,"16.02","16",17071.3324851839,4, , ,Ogan Komering Ilir,Sumatera Selatan, , , ,0,10.139774271113,1.38925482818918
225,Ogan Komering Ulu,BA03050040,,TASWIL5000020230907KABKOTA,"4326", , , , ,, ,"16.01","16",3774.49692358034,4, , ,Ogan Komering Ulu,Sumatera Selatan, , , ,0,3.83509178235834,0.307408170983791
226,Ogan Komering Ulu Selatan,BA03050040,,TASWIL5000020230907KABKOTA,"4326", , , , ,, ,"16.09","16",4369.25203396092,4, , ,Ogan Komering Ulu Selatan,Sumatera Selatan, ,Ogan Komering Ulu, ,0,3.73417238300055,0.356074391161861
227,Ogan Komering Ulu Timur,BA03050040,,TASWIL5000020230907KABKOTA,"4326", , , , ,, ,"16.08","16",3412.71617149792,4, , ,Ogan Komering Ulu Timur,Sumatera Selatan, ,Ogan Komering Ulu, ,0,4.85826793612503,0.277937567784569
228,Padang Lawas,BA03050040,,TASWIL5000020230907KABKOTA,"4326", , , , ,, ,"12.21","12",3914.41335388502,4, , ,Padang Lawas,Sumatera Utara, ,Tapanuli Selatan, ,0,3.52846622147363,0.318073201661658
229,Padang Lawas Utara,BA03050040,,TASWIL5000020230907KABKOTA,"4326", , , , ,, ,"12.20","12",3945.5571993561,4, , ,Padang Lawas Utara,Sumatera Utara, ,Tapanuli Selatan, ,0,5.21216139402235,0.320662337415838
230,Pakpak Bharat,BA03050040,,TASWIL5000020230907KABKOTA,"4326", , , , ,, ,"12.15","12",1365.6073558826,4, , ,Pakpak Bharat,Sumatera Utara, ,Dairi, ,0,1.75136580475121,0.111050334232577
231,Pasaman,BA03050040,,TASWIL5000020230907KABKOTA,"4326", , , , ,, ,"13.08","13",3902.44394673872,4, , ,Pasaman,Sumatera Barat, , , ,0,3.91441217786476,0.317048331335155
232,Pelalawan,BA03050040,,TASWIL5000020230907KABKOTA,"4326", , , , ,, ,"14.05","14",13262.1130956574,4, , ,Pelalawan,Riau, ,Kampar, ,0,7.46682963301703,1.07744385200431
233,Penukal Abab Lematang Ilir,BA03050040,,TASWIL5000020230907KABKOTA,"4326", , , , ,, ,"16.12","16",1842.56321638408,4, , ,Penukal Abab Lematang Ilir,Sumatera Selatan, ,Muara Enim, ,0,2.65789959123137,0.149919343018278
234,Pesawaran,BA03050040,,TASWIL5000020230907KABKOTA,"4326", , , , ,, ,"18.09","18",1288.07920678768,4, , ,Pesawaran,Lampung, ,Lampung Selatan, ,0,4.7853075390323,0.105111646245126
235,Pesisir Barat,BA03050040,,TASWIL5000020230907KABKOTA,"4326", , , , ,, ,"18.13","18",2939.5981533967,4, , ,Pesisir Barat,Lampung, ,Lampung Barat, ,0,4.54629195542985,0.239830092612181
236,Pesisir Selatan,BA03050040,,TASWIL5000020230907KABKOTA,"4326", , , , ,, ,"13.01","13",6045.64886951579,4, , ,Pesisir Selatan,Sumatera Barat, , , ,0,5.43295017862632,0.491385130567908
237,Pidie,BA03050040,,TASWIL5000020230907KABKOTA,"4326", , , , ,, ,"11.07","11",3177.48517349596,4, , ,Pidie,Aceh, , , ,0,3.56407048065647,0.259123987029424
238,Pidie Jaya,BA03050040,,TASWIL5000020230907KABKOTA,"4326", , , , ,, ,"11.18","11",939.004452166694,4, , ,Pidie Jaya,Aceh, ,Pidie, ,0,1.43062367119561,0.0765836433702561
239,Pringsewu,BA03050040,,TASWIL5000020230907KABKOTA,"4326", , , , ,, ,"18.10","18",617.192124001797,4, , ,Pringsewu,Lampung, ,Tanggamus, ,0,1.88500283099899,0.0503537324129837
240,Rejang Lebong,BA03050040,,TASWIL5000020230907KABKOTA,"4326", , , , ,, ,"17.02","17",1559.41883395139,4, , ,Rejang Lebong,Bengkulu, , , ,0,2.15247508028372,0.12690999421108
241,Rokan Hilir,BA03050040,,TASWIL5000020230907KABKOTA,"4326", , , , ,, ,"14.07","14",9068.45847883631,4, , ,Rokan Hilir,Riau, ,Bengkalis, ,0,6.32413452192646,0.737081443501193
242,Rokan Hulu,BA03050040,,TASWIL5000020230907KABKOTA,"4326", , , , ,, ,"14.06","14",7658.1490877592,4, , ,Rokan Hulu,Riau, ,Kampar, ,0,6.12306366433944,0.622243411778855
243,Samosir,BA03050040,<Null>,TASWIL5000020230907KABKOTA,"4326", , , , ,, ,"12.17","12",1850.0350666246,4, , ,Samosir,Sumatera Utara, ,Toba Samosir, ,0,1.8408969935382,0.150445130735331
244,Sarolangun,BA03050040,,TASWIL5000020230907KABKOTA,"4326", , , , ,, ,"15.03","15",5935.89445689296,4, , ,Sarolangun,Jambi, ,Merangin, ,0,4.88293910851518,0.482621042820396
245,Seluma,BA03050040,,TASWIL5000020230907KABKOTA,"4326", , , , ,, ,"17.05","17",2432.16358983265,4, , ,Seluma,Bengkulu, ,Bengkulu Selatan, ,0,2.5236035037511,0.198073483514894
246,Serdang Bedagai,BA03050040,,TASWIL5000020230907KABKOTA,"4326", , , , ,, ,"12.18","12",1949.18009521973,4, , ,Serdang Bedagai,Sumatera Utara, ,Deli Serdang, ,0,3.26386235526353,0.158619944451161
247,Siak,BA03050040,,TASWIL5000020230907KABKOTA,"4326", , , , ,, ,"14.08","14",7805.53759097795,4, , ,Siak,Riau, ,Bengkalis, ,0,6.48953973447027,0.634194327847841
248,Sijunjung,BA03050040,,TASWIL5000020230907KABKOTA,"4326", , , , ,, ,"13.03","13",3150.57981499103,4, , ,Sijunjung,Sumatera Barat, , , ,0,3.04634829447977,0.255974947505056
249,Simalungun,BA03050040,<Null>,TASWIL5000020230907KABKOTA,"4326",,,,,,,"12.08","12",4601.47730148904,4,,,Simalungun,Sumatera Utara,,Deli Serdang,,,4.98596054942211,0.37431857440972
250,Simeulue,BA03050040,,TASWIL5000020230907KABKOTA,"4326", , , , ,, ,"11.09","11",1821.74651287048,4, , ,Simeulue,Aceh, ,Aceh Barat, ,0,7.76608241241149,0.148150850140235
251,Solok,BA03050040,,TASWIL5000020230907KABKOTA,"4326", , , , ,, ,"13.02","13",3590.40364623664,4, , ,Solok,Sumatera Barat, , , ,0,4.12696826975002,0.291730891430443
252,Solok Selatan,BA03050040,,TASWIL5000020230907KABKOTA,"4326", , , , ,, ,"13.11","13",3282.1439683444,4, , ,Solok Selatan,Sumatera Barat, ,Solok, ,0,3.37288282167199,0.26672528780081
253,Sumatera Barat,BA03050040,"Berdasarkan Kepmendagri 050-145 Tahun 2022, masuk ke Sumatera Barat",TASWIL5000020230907KABKOTA,"4326", , , , ,, , ,"13",0.0682826025730645,999, , ,,Sumatera Barat, , , ,0,0.00864484640236186,5.54781520308733e-06
254,Sumatera Barat,BA03050040,"Berdasarkan Kepmendagri 050-145 Tahun 2022, masuk ke Sumatera Barat",TASWIL5000020230907KABKOTA,"4326", , , , ,, , ,"13",0.0896082140887922,999, , ,,Sumatera Barat, , , ,0,0.0117466609435436,7.28126437791081e-06
255,Sumatera Barat,BA03050040,"Berdasarkan Kepmendagri 050-145 Tahun 2022, masuk ke Sumatera Barat",TASWIL5000020230907KABKOTA,"4326", , , , ,, , ,"13",0.502774061004335,999, , ,,Sumatera Barat, , , ,0,0.0291935412799261,4.08538029070154e-05
256,Sumatera Barat,BA03050040,Tidak ada titik pulau di gazeter 2021,TASWIL5000020230907KABKOTA,"4326", , , , ,, , ,"13",0.00394009478839779,999, , ,,Sumatera Barat, , , ,0,0.00220462126757735,3.20159051351194e-07
257,Sumatera Utara,BA03050040,"Berdasarkan Kepmendagri 050-145 Tahun 2022, masuk ke Sumatera Utara",TASWIL5000020230907KABKOTA,"4326", , , , ,, , ,"12",0.0130214499923114,999, , ,,Sumatera Utara, , , ,0,0.00593275157309708,1.05836136825904e-06
258,Sumatera Utara,BA03050040,"Berdasarkan Kepmendagri 050-145 Tahun 2022, masuk ke Sumatera Utara",TASWIL5000020230907KABKOTA,"4326", , , , ,, , ,"12",0.0390973454296303,999, , ,,Sumatera Utara, , , ,0,0.0109181347273318,3.1777139156549e-06
259,Sumatera Utara,BA03050040,"Berdasarkan Kepmendagri 050-145 Tahun 2022, masuk ke Sumatera Utara",TASWIL5000020230907KABKOTA,"4326", , , , ,, , ,"12",0.156775423828765,999, , ,,Sumatera Utara, , , ,0,0.0132218435561544,1.27406978836656e-05
260,Sumatera Utara,BA03050040,"Berdasarkan Kepmendagri 050-145 Tahun 2022, masuk ke Sumatera Utara",TASWIL5000020230907KABKOTA,"4326", , , , ,, , ,"12",0.433204187870723,999, , ,,Sumatera Utara, , , ,0,0.0353218067417273,3.52099246138258e-05
261,Sumatera Utara,BA03050040,"Berdasarkan Kepmendagri 050-145 Tahun 2022, masuk ke Sumatera Utara",TASWIL5000020230907KABKOTA,"4326", , , , ,, , ,"12",0.80894732663608,999, , ,,Sumatera Utara, , , ,0,0.0354573402691503,6.57481168214318e-05
262,Tanah Datar,BA03050040,,TASWIL5000020230907KABKOTA,"4326", , , , ,, ,"13.04","13",1377.18561857678,4, , ,Tanah Datar,Sumatera Barat, , , ,0,2.36296910208721,0.111887521383766
263,Tanggamus,BA03050040,,TASWIL5000020230907KABKOTA,"4326", , , , ,, ,"18.06","18",2947.59250559722,4, , ,Tanggamus,Lampung, ,Lampung Selatan, ,0,5.75913247957352,0.240516111699805
264,Tanjung Jabung Barat,BA03050040,,TASWIL5000020230907KABKOTA,"4326", , , , ,, ,"15.06","15",5546.06346241264,4, , ,Tanjung Jabung Barat,Jambi, , , ,0,3.81704103023536,0.450644879921666
265,Tanjung Jabung Timur,BA03050040,,TASWIL5000020230907KABKOTA,"4326", , , , ,, ,"15.07","15",4546.62094794147,4, , ,Tanjung Jabung Timur,Jambi, ,Tanjung Jabung Barat, ,0,4.28773969869844,0.369458053178354
266,Tapanuli Selatan,BA03050040,,TASWIL5000020230907KABKOTA,"4326", , , , ,, ,"12.03","12",4201.03498862214,4, , ,Tapanuli Selatan,Sumatera Utara, , , ,0,6.01409245311936,0.341413369731298
267,Tapanuli Tengah,BA03050040,,TASWIL5000020230907KABKOTA,"4326", , , , ,, ,"12.01","12",2308.36216430673,4, , ,Tapanuli Tengah,Sumatera Utara, , , ,0,6.16023840530233,0.187629001684594
268,Tapanuli Utara,BA03050040,<Null>,TASWIL5000020230907KABKOTA,"4326", , , , ,, ,"12.02","12",3895.60421745402,4, , ,Tapanuli Utara,Sumatera Utara, , , ,0,3.9239530660966,0.316671538327258
269,Tebo,BA03050040,,TASWIL5000020230907KABKOTA,"4326", , , , ,, ,"15.09","15",6103.73685324645,4, , ,Tebo,Jambi, ,Bungo, ,0,4.80525126574575,0.496002478373339
270,Toba,BA03050040,<Null>,TASWIL5000020230907KABKOTA,"4326", , , , ,, ,"12.12","12",2291.61605555254,4, , ,Toba,Sumatera Utara, ,Tapanuli Utara, ,0,2.90357897019531,0.186330951338331
271,Tulang Bawang,BA03050040,,TASWIL5000020230907KABKOTA,"4326", , , , ,, ,"18.05","18",3116.06248169737,4, , ,Tulang Bawang,Lampung, ,Lampung Utara, ,0,4.29676482774578,0.253871688947197
272,Tulang Bawang Barat,BA03050040,,TASWIL5000020230907KABKOTA,"4326", , , , ,, ,"18.12","18",1257.08760602881,4, , ,Tulang Bawang Barat,Lampung, ,Tulang Bawang, ,0,2.9086255499047,0.102424513415005
273,Way Kanan,BA03050040,,TASWIL5000020230907KABKOTA,"4326", , , , ,, ,"18.08","18",3522.11369522992,4, , ,Way Kanan,Lampung, ,Lampung Utara, ,0,4.04236043487562,0.287007599864386
274,Padang Pariaman,BA03050040,,TASWIL5000020230907KABKOTA,"4326", , , , ,, ,"13.05","13",1342.26642305811,4, , ,Padang Pariaman,Sumatera Barat, , , ,0,2.05428945066885,0.109052305331168
275,Adm. Kep. Seribu,BA03050040, ,TASWIL5000020230907KABKOTA,"4326", , , , ,, ,"31.01","31",10.7251053118654,4, , ,Adm. Kep. Seribu,DKI Jakarta, ,Kota Administrasi Jakarta Utara, ,0,1.45056426943834,0.000875535814176994
276,Alor,BA03050040, ,TASWIL5000020230907KABKOTA,"4326", , , , ,, ,"53.05","53",2928.55881853694,4, , ,Alor,Nusa Tenggara Timur, , , ,0,5.67288749982474,0.240372651839843
277,Badung,BA03050040, ,TASWIL5000020230907KABKOTA,"4326", , , , ,, ,"51.03","51",398.749249067896,4, , ,Badung,Bali, , , ,0,2.22696067934812,0.0327520280612154
278,Bandung,BA03050040, ,TASWIL5000020230907KABKOTA,"4326", , , , ,, ,"32.04","32",1740.8434422903,4, , ,Bandung,Jawa Barat, , , ,0,3.24281979474368,0.142490874791713
279,Bandung Barat,BA03050040, ,TASWIL5000020230907KABKOTA,"4326", , , , ,, ,"32.17","32",1283.43884052549,4, , ,Bandung Barat,Jawa Barat, ,Bandung, ,0,2.56462783975859,0.105006220944792
280,Bangkalan,BA03050040, ,TASWIL5000020230907KABKOTA,"4326", , , , ,, ,"35.26","35",1301.02971861589,4, , ,Bangkalan,Jawa Timur, , , ,0,2.04020315471717,0.10647939059617
281,Bangli,BA03050040, ,TASWIL5000020230907KABKOTA,"4326", , , , ,, ,"51.06","51",526.764050572876,4, , ,Bangli,Bali, , , ,0,1.43224383721391,0.0432350172572919
282,Banjarnegara,BA03050040, ,TASWIL5000020230907KABKOTA,"4326", , , , ,, ,"33.04","33",1144.89624285875,4, , ,Banjarnegara,Jawa Tengah, , , ,0,2.29737857296489,0.0937628524267644
283,Bantul,BA03050040, ,TASWIL5000020230907KABKOTA,"4326", , , , ,, ,"34.02","34",511.706451505486,4, , ,Bantul,Daerah Istimewa Yogyakarta, , , ,0,1.85348379735798,0.0419593414754519
284,Banyumas,BA03050040, ,TASWIL5000020230907KABKOTA,"4326", , , , ,, ,"33.02","33",1391.15298241666,4, , ,Banyumas,Jawa Tengah, , , ,0,2.1971315671972,0.113956574471914
285,Banyuwangi,BA03050040, ,TASWIL5000020230907KABKOTA,"4326", , , , ,, ,"35.10","35",3592.89823718891,4, , ,Banyuwangi,Jawa Timur, , , ,0,4.37922990376297,0.294947030755395
286,Batang,BA03050040, ,TASWIL5000020230907KABKOTA,"4326", , , , ,, ,"33.25","33",857.265387967714,4, , ,Batang,Jawa Tengah, , , ,0,1.53113691965642,0.0701572178554925
287,Bekasi,BA03050040, ,TASWIL5000020230907KABKOTA,"4326", , , , ,, ,"32.16","32",1251.05417690749,4, , ,Bekasi,Jawa Barat, , , ,0,3.13519004377486,0.102222749159873
288,Belu,BA03050040, ,TASWIL5000020230907KABKOTA,"4326", , , , ,, ,"53.04","53",1127.25008655286,4, , ,Belu,Nusa Tenggara Timur, , , ,0,2.29261763368788,0.0927289736817107
289,Bima,BA03050040, ,TASWIL5000020230907KABKOTA,"4326", , , , ,, ,"52.06","52",4216.08823404454,4, , ,Bima,Nusa Tenggara Barat, , , ,0,9.13558511536137,0.346201515238144
290,Blitar,BA03050040, ,TASWIL5000020230907KABKOTA,"4326", , , , ,, ,"35.05","35",1745.2181921456,4, , ,Blitar,Jawa Timur, , , ,0,2.87635868523708,0.143184765830137
291,Blora,BA03050040, ,TASWIL5000020230907KABKOTA,"4326", , , , ,, ,"33.16","33",1957.28906018847,4, , ,Blora,Jawa Tengah, , , ,0,2.58866522739411,0.160199569336529
292,Bogor,BA03050040, ,TASWIL5000020230907KABKOTA,"4326", , , , ,, ,"32.01","32",2991.77845696533,4, , ,Bogor,Jawa Barat, , , ,0,4.52655089353594,0.24461414892152
293,Bojonegoro,BA03050040, ,TASWIL5000020230907KABKOTA,"4326", , , , ,, ,"35.22","35",2312.62695889122,4, , ,Bojonegoro,Jawa Timur, , , ,0,3.2297135203482,0.189356266448509
294,Bondowoso,BA03050040, ,TASWIL5000020230907KABKOTA,"4326", , , , ,, ,"35.11","35",1554.99183623093,4, , ,Bondowoso,Jawa Timur, , , ,0,2.21701743988469,0.127520398307018
295,Boyolali,BA03050040, ,TASWIL5000020230907KABKOTA,"4326", , , , ,, ,"33.09","33",1096.59390273917,4, , ,Boyolali,Jawa Tengah, , , ,0,3.03432751109924,0.0898200045795599
296,Brebes,BA03050040, ,TASWIL5000020230907KABKOTA,"4326", , , , ,, ,"33.29","33",1742.81046481556,4, , ,Brebes,Jawa Tengah, , , ,0,3.15258525321854,0.142641649292258
297,Buleleng,BA03050040, ,TASWIL5000020230907KABKOTA,"4326", , , , ,, ,"51.08","51",1322.68204175702,4, , ,Buleleng,Bali, , , ,0,3.45596914746104,0.108536572803359
298,Ciamis,BA03050040, ,TASWIL5000020230907KABKOTA,"4326", , , , ,, ,"32.07","32",1595.9370183059,4, , ,Ciamis,Jawa Barat, , , ,0,3.00432817676326,0.130684178052152
299,Cianjur,BA03050040, ,TASWIL5000020230907KABKOTA,"4326", , , , ,, ,"32.03","32",3631.91547546155,4, , ,Cianjur,Jawa Barat, , , ,0,4.39863788274049,0.297301430285862
300,Cilacap,BA03050040, ,TASWIL5000020230907KABKOTA,"4326", , , , ,, ,"33.01","33",2323.92611642035,4, , ,Cilacap,Jawa Tengah, , , ,0,4.8387297948933,0.190379615480674
301,Cirebon,BA03050040, ,TASWIL5000020230907KABKOTA,"4326", , , , ,, ,"32.09","32",1076.75913411099,4, , ,Cirebon,Jawa Barat, , , ,0,2.80527094314605,0.088070662258024
302,Demak,BA03050040, ,TASWIL5000020230907KABKOTA,"4326", , , , ,, ,"33.21","33",977.770492703969,4, , ,Demak,Jawa Tengah, , , ,0,2.70273254321264,0.0800008869005903
303,Dompu,BA03050040, ,TASWIL5000020230907KABKOTA,"4326", , , , ,, ,"52.05","52",2281.75199540256,4, , ,Dompu,Nusa Tenggara Barat, , , ,0,4.42381124853416,0.187363045702512
304,Flores Timur,BA03050040, ,TASWIL5000020230907KABKOTA,"4326", , , , ,, ,"53.06","53",1748.51655229523,4, , ,Flores Timur,Nusa Tenggara Timur, , , ,0,4.68012528848514,0.143538260694041
305,Garut,BA03050040, ,TASWIL5000020230907KABKOTA,"4326", , , , ,, ,"32.05","32",3101.2353027601,4, , ,Garut,Jawa Barat, , , ,0,3.52240202404102,0.253985367335624
306,Gianyar,BA03050040, ,TASWIL5000020230907KABKOTA,"4326", , , , ,, ,"51.04","51",364.35816374709,4, , ,Gianyar,Bali, , , ,0,1.07224046599166,0.0299193677064203
307,Gresik,BA03050040, ,TASWIL5000020230907KABKOTA,"4326", , , , ,, ,"35.25","35",1256.36362928813,4, , ,Gresik,Jawa Timur, , , ,0,4.62240750911983,0.102802412977504
308,Grobogan,BA03050040, ,TASWIL5000020230907KABKOTA,"4326", , , , ,, ,"33.15","33",2023.84920330731,4, , ,Grobogan,Jawa Tengah, , , ,0,3.1964100849457,0.165662291317543
309,Gunungkidul,BA03050040, ,TASWIL5000020230907KABKOTA,"4326", , , , ,, ,"34.03","34",1475.13305799995,4, , ,Gunungkidul,Daerah Istimewa Yogyakarta, , , ,0,2.48608301115697,0.120985921016079
310,Indramayu,BA03050040, ,TASWIL5000020230907KABKOTA,"4326", , , , ,, ,"32.12","32",2076.05552996993,4, , ,Indramayu,Jawa Barat, , , ,0,3.23651627828103,0.169705714280917
311,Jawa Timur,BA03050040, ,TASWIL5000020230907KABKOTA,"4326", , , , ,, ,,"35",0.857572029898941,6, , ,,Jawa Timur, , , ,0,0.0464497290375555,7.02665048798777e-05
312,Jawa Timur,BA03050040,Berdasarkan Berita Acara Verifikasi tahun 2008 Pulau Galang merupakan kewenangan Provinsi Jawa Timur,TASWIL5000020230907KABKOTA,"4326", , , , ,, , ,"35",0.123134776564166,6, , ,,Jawa Timur, , , ,0,0.0176934630571634,1.0080857328043e-05
313,Jember,BA03050040, ,TASWIL5000020230907KABKOTA,"4326", , , , ,, ,"35.09","35",3313.45959381858,4, , ,Jember,Jawa Timur, , , ,0,4.40677201960509,0.271919059366719
314,Jembrana,BA03050040, ,TASWIL5000020230907KABKOTA,"4326", , , , ,, ,"51.01","51",849.13376358988,4, , ,Jembrana,Bali, , , ,0,1.72328728950943,0.0696974546427964
315,Jepara,BA03050040, ,TASWIL5000020230907KABKOTA,"4326", , , , ,, ,"33.20","33",1020.24572452462,4, , ,Jepara,Jawa Tengah, , , ,0,2.99264977548343,0.0834159802668978
316,Jombang,BA03050040, ,TASWIL5000020230907KABKOTA,"4326", , , , ,, ,"35.17","35",1109.8354106753,4, , ,Jombang,Jawa Timur, , , ,0,2.0547731924402,0.0909305744611916
317,Karanganyar,BA03050040, ,TASWIL5000020230907KABKOTA,"4326", , , , ,, ,"33.13","33",803.021489366533,4, , ,Karanganyar,Jawa Tengah, , , ,0,1.96741167867085,0.0658030963393223
318,Karangasem,BA03050040, ,TASWIL5000020230907KABKOTA,"4326", , , , ,, ,"51.07","51",839.317447425272,4, , ,Karangasem,Bali, , , ,0,1.47574931269094,0.0689022516768565
319,Karawang,BA03050040, ,TASWIL5000020230907KABKOTA,"4326", , , , ,, ,"32.15","32",1913.71281862749,4, , ,Karawang,Jawa Barat, , , ,0,2.94117691537487,0.156377753924208
320,Kebumen,BA03050040, ,TASWIL5000020230907KABKOTA,"4326", , , , ,, ,"33.05","33",1334.09959840576,4, , ,Kebumen,Jawa Tengah, , , ,0,1.98554035888676,0.109332154685353
321,Kediri,BA03050040, ,TASWIL5000020230907KABKOTA,"4326", , , , ,, ,"35.06","35",1523.56312463028,4, , ,Kediri,Jawa Timur, , , ,0,2.77601680584036,0.124909211658951
322,Kendal,BA03050040, ,TASWIL5000020230907KABKOTA,"4326", , , , ,, ,"33.24","33",1008.12424049296,4, , ,Kendal,Jawa Tengah, , , ,0,2.29849983115671,0.0825063382535564
323,Klaten,BA03050040, ,TASWIL5000020230907KABKOTA,"4326", , , , ,, ,"33.10","33",701.510638798404,4, , ,Klaten,Jawa Tengah, , , ,0,1.62636305536766,0.057494242214973
324,Klungkung,BA03050040, ,TASWIL5000020230907KABKOTA,"4326", , , , ,, ,"51.05","51",313.960079395402,4, , ,Klungkung,Bali, , , ,0,1.52903917983346,0.0257932169994356
325,Kota Adm. Jakarta Barat,BA03050040, ,TASWIL5000020230907KABKOTA,"4326", , , , ,, ,"31.73","31",125.00016390473,5, , ,Kota Adm. Jakarta Barat,DKI Jakarta, , , ,0,0.607655013726079,0.0102126244854458
326,Kota Adm. Jakarta Pusat,BA03050040, ,TASWIL5000020230907KABKOTA,"4326", , , , ,, ,"31.71","31",47.5648333185038,5, , ,Kota Adm. Jakarta Pusat,DKI Jakarta, , , ,0,0.384853777007566,0.00388620336889781
327,Kota Adm. Jakarta Selatan,BA03050040, ,TASWIL5000020230907KABKOTA,"4326", , , , ,, ,"31.74","31",144.941694929248,5, , ,Kota Adm. Jakarta Selatan,DKI Jakarta, , , ,0,0.83697759896514,0.011844219220842
328,Kota Adm. Jakarta Timur,BA03050040, ,TASWIL5000020230907KABKOTA,"4326", , , , ,, ,"31.75","31",185.537786142081,5, , ,Kota Adm. Jakarta Timur,DKI Jakarta, , , ,0,1.04259215608595,0.0151611182006004
329,Kota Adm. Jakarta Utara,BA03050040, ,TASWIL5000020230907KABKOTA,"4326", , , , ,, ,"31.72","31",147.211715039306,5, , ,Kota Adm. Jakarta Utara,DKI Jakarta, , , ,0,1.46226696676385,0.0120264901862053
330,Kota Bandung,BA03050040, ,TASWIL5000020230907KABKOTA,"4326", , , , ,, ,"32.73","32",166.593063202007,5, , ,Kota Bandung,Jawa Barat, , , ,0,0.817191515114581,0.013630814988925
331,Kota Banjar,BA03050040, ,TASWIL5000020230907KABKOTA,"4326", , , , ,, ,"32.79","32",131.005486172131,5, , ,Kota Banjar,Jawa Barat, ,Ciamis, ,0,0.702028684353255,0.0107294640975494
332,Kota Batu,BA03050040, ,TASWIL5000020230907KABKOTA,"4326", , , , ,, ,"35.79","35",194.170005237673,5, , ,Kota Batu,Jawa Timur, ,Malang, ,0,0.692482821502315,0.0159192250590223
333,Kota Bekasi,BA03050040, ,TASWIL5000020230907KABKOTA,"4326", , , , ,, ,"32.75","32",213.03587074127,5, , ,Kota Bekasi,Jawa Barat, ,Bekasi, ,0,1.25741196597019,0.0174089531149984
334,Kota Bima,BA03050040, ,TASWIL5000020230907KABKOTA,"4326", , , , ,, ,"52.72","52",207.887928081579,5, , ,Kota Bima,Nusa Tenggara Barat, ,Bima, ,0,0.902586154561309,0.0170696295054991
335,Kota Blitar,BA03050040, ,TASWIL5000020230907KABKOTA,"4326", , , , ,, ,"35.72","35",33.2031576393668,5, , ,Kota Blitar,Jawa Timur, , , ,0,0.357803953960318,0.0027238775267379
336,Kota Bogor,BA03050040, ,TASWIL5000020230907KABKOTA,"4326", , , , ,, ,"32.71","32",111.365717104333,5, , ,Kota Bogor,Jawa Barat, , , ,0,0.708177487700608,0.00910608468453459
337,Kota Cilegon,BA03050040, ,TASWIL5000020230907KABKOTA,"4326", , , , ,, ,"36.72","36",162.514426466474,5, , ,Kota Cilegon,Banten, ,Serang, ,0,1.0887008890871,0.013273577621907
338,Kota Cimahi,BA03050040, ,TASWIL5000020230907KABKOTA,"4326", , , , ,, ,"32.77","32",42.4320027932072,5, , ,Kota Cimahi,Jawa Barat, ,Bandung, ,0,0.402833813324821,0.00347159465400175
339,Kota Cirebon,BA03050040, ,TASWIL5000020230907KABKOTA,"4326", , , , ,, ,"32.74","32",39.4656673528645,5, , ,Kota Cirebon,Jawa Barat, , , ,0,0.517185700739962,0.00322795461531204
340,Kota Denpasar,BA03050040, ,TASWIL5000020230907KABKOTA,"4326", , , , ,, ,"51.71","51",125.871646422045,5, , ,Kota Denpasar,Bali, , , ,0,0.82276311429365,0.0103409389627303
341,Kota Depok,BA03050040, ,TASWIL5000020230907KABKOTA,"4326", , , , ,, ,"32.76","32",199.906222227013,5, , ,Kota Depok,Jawa Barat, ,Bogor, ,0,1.12415926839011,0.0163395724824578
342,Kota Kediri,BA03050040, ,TASWIL5000020230907KABKOTA,"4326", , , , ,, ,"35.71","35",67.2322765157943,5, , ,Kota Kediri,Jawa Timur, , , ,0,0.575350512598607,0.0055119973705044
343,Kota Kupang,BA03050040, ,TASWIL5000020230907KABKOTA,"4326", , , , ,, ,"53.71","53",159.334041005849,5, , ,Kota Kupang,Nusa Tenggara Timur, ,Kupang, ,0,0.949087585396705,0.0131469663874992
344,Kota Madiun,BA03050040, ,TASWIL5000020230907KABKOTA,"4326", , , , ,, ,"35.77","35",36.1259849545501,5, , ,Kota Madiun,Jawa Timur, , , ,0,0.449676411510427,0.00296042218695122
345,Kota Magelang,BA03050040, ,TASWIL5000020230907KABKOTA,"4326", , , , ,, ,"33.71","33",18.5582585877449,5, , ,Kota Magelang,Jawa Tengah, , , ,0,0.270626185693817,0.00152027287884719
346,Kota Malang,BA03050040, ,TASWIL5000020230907KABKOTA,"4326", , , , ,, ,"35.73","35",111.076528648991,5, , ,Kota Malang,Jawa Timur, , , ,0,0.706251480440103,0.0091098068325398
347,Kota Mataram,BA03050040, ,TASWIL5000020230907KABKOTA,"4326", , , , ,, ,"52.71","52",60.4240937389846,5, , ,Kota Mataram,Nusa Tenggara Barat, ,Lombok Barat, ,0,0.346948764206137,0.00496311726121854
348,Kota Mojokerto,BA03050040, ,TASWIL5000020230907KABKOTA,"4326", , , , ,, ,"35.76","35",20.2171727893663,5, , ,Kota Mojokerto,Jawa Timur, , , ,0,0.257782457194944,0.00165615024766691
349,Kota Pasuruan,BA03050040, ,TASWIL5000020230907KABKOTA,"4326", , , , ,, ,"35.75","35",38.9956880652248,5, , ,Kota Pasuruan,Jawa Timur, , , ,0,0.390045977863861,0.00319573273336
350,Kota Pekalongan,BA03050040, ,TASWIL5000020230907KABKOTA,"4326", , , , ,, ,"33.75","33",46.1998115684105,5, , ,Kota Pekalongan,Jawa Tengah, , , ,0,0.415769678265004,0.00377991467901585
351,Kota Probolinggo,BA03050040, ,TASWIL5000020230907KABKOTA,"4326", , , , ,, ,"35.74","35",54.6755621680172,5, , ,Kota Probolinggo,Jawa Timur, , , ,0,0.556045191533388,0.00448199428246882
352,Kota Salatiga,BA03050040, ,TASWIL5000020230907KABKOTA,"4326", , , , ,, ,"33.73","33",54.9831579430996,5, , ,Kota Salatiga,Jawa Tengah, , , ,0,0.469520571139647,0.00450278051189901
353,Kota Semarang,BA03050040, ,TASWIL5000020230907KABKOTA,"4326", , , , ,, ,"33.74","33",370.002759280694,5, , ,Kota Semarang,Jawa Tengah, , , ,0,1.52926799085261,0.0302805935835118
354,Kota Serang,BA03050040, ,TASWIL5000020230907KABKOTA,"4326", , , , ,, ,"36.73","36",265.786729243262,5, , ,Kota Serang,Banten, ,Serang, ,0,0.906414327160096,0.0217133522949542
355,Kota Sukabumi,BA03050040, ,TASWIL5000020230907KABKOTA,"4326", , , , ,, ,"32.72","32",48.3139498983628,5, , ,Kota Sukabumi,Jawa Barat, , , ,0,0.421527483889491,0.00395326562589456
356,Kota Surabaya,BA03050040, ,TASWIL5000020230907KABKOTA,"4326", , , , ,, ,"35.78","35",335.92479497705,5, , ,Kota Surabaya,Jawa Timur, , , ,0,1.33915368634533,0.0275063694268791
357,Kota Surakarta,BA03050040, ,TASWIL5000020230907KABKOTA,"4326", , , , ,, ,"33.72","33",46.7183979053428,5, , ,Kota Surakarta,Jawa Tengah, , , ,0,0.360439246026308,0.00382781973781869
358,Kota Tangerang,BA03050040, ,TASWIL5000020230907KABKOTA,"4326", , , , ,, ,"36.71","36",178.347486782222,5, , ,Kota Tangerang,Banten, ,Tangerang, ,0,0.866128614853832,0.0145716617669172
359,Kota Tangerang Selatan,BA03050040, ,TASWIL5000020230907KABKOTA,"4326", , , , ,, ,"36.74","36",164.859542537818,5, , ,Kota Tangerang Selatan,Banten, ,Tangerang, ,0,0.664710625654375,0.0134725944005548
360,Kota Tasikmalaya,BA03050040, ,TASWIL5000020230907KABKOTA,"4326", , , , ,, ,"32.78","32",183.93872529272,5, , ,Kota Tasikmalaya,Jawa Barat, ,Tasikmalaya, ,0,0.775735884696736,0.0150642004560418
361,Kota Tegal,BA03050040, ,TASWIL5000020230907KABKOTA,"4326", , , , ,, ,"33.76","33",39.074614447729,5, , ,Kota Tegal,Jawa Tengah, , , ,0,0.313271437131275,0.00319679581861802
362,Kota Yogyakarta,BA03050040, ,TASWIL5000020230907KABKOTA,"4326", , , , ,, ,"34.71","34",32.8190625255292,5, , ,Kota Yogyakarta,Daerah Istimewa Yogyakarta, , , ,0,0.349438640016374,0.00269050602101674
363,Kudus,BA03050040, ,TASWIL5000020230907KABKOTA,"4326", , , , ,, ,"33.19","33",447.444997404516,4, , ,Kudus,Jawa Tengah, , , ,0,1.32326467772073,0.0366007910111263
364,Kulon Progo,BA03050040, ,TASWIL5000020230907KABKOTA,"4326", , , , ,, ,"34.01","34",577.223811493454,4, , ,Kulon Progo,Daerah Istimewa Yogyakarta, , , ,0,1.31434324712093,0.0473225484411165
365,Kuningan,BA03050040, ,TASWIL5000020230907KABKOTA,"4326", , , , ,, ,"32.08","32",1192.89668281918,4, , ,Kuningan,Jawa Barat, , , ,0,1.88766245252318,0.0976211730698111
366,Kupang,BA03050040, ,TASWIL5000020230907KABKOTA,"4326", , , , ,, ,"53.01","53",5136.5100874175,4, , ,Kupang,Nusa Tenggara Timur, , , ,0,6.26740520891893,0.423459507198317
367,Lamongan,BA03050040, ,TASWIL5000020230907KABKOTA,"4326", , , , ,, ,"35.24","35",1752.71031394533,4, , ,Lamongan,Jawa Timur, , , ,0,3.13473332819252,0.143472650459646
368,Lebak,BA03050040, ,TASWIL5000020230907KABKOTA,"4326", , , , ,, ,"36.02","36",3312.17997874213,4, , ,Lebak,Banten, , , ,0,3.52397909076791,0.270855305014802
369,Lembata,BA03050040, ,TASWIL5000020230907KABKOTA,"4326", , , , ,, ,"53.13","53",1268.10489804071,4, , ,Lembata,Nusa Tenggara Timur, ,Flores Timur, ,0,3.45188597769192,0.104104668909663
370,Lombok Barat,BA03050040, ,TASWIL5000020230907KABKOTA,"4326", , , , ,, ,"52.01","52",923.057962969162,4, , ,Lombok Barat,Nusa Tenggara Barat, , , ,0,3.71265582936431,0.0758331064669062
371,Lombok Tengah,BA03050040, ,TASWIL5000020230907KABKOTA,"4326", , , , ,, ,"52.02","52",1169.52187249029,4, , ,Lombok Tengah,Nusa Tenggara Barat, , , ,0,2.45797176195955,0.0960952787943036
372,Lombok Timur,BA03050040, ,TASWIL5000020230907KABKOTA,"4326", , , , ,, ,"52.03","52",1606.47001028955,4, , ,Lombok Timur,Nusa Tenggara Barat, , , ,0,3.49807390177226,0.131933298278548
373,Lombok Utara,BA03050040, ,TASWIL5000020230907KABKOTA,"4326", , , , ,, ,"52.08","52",811.190093230204,4, , ,Lombok Utara,Nusa Tenggara Barat, ,Lombok Barat, ,0,1.57449687819554,0.0665889419716648
374,Lumajang,BA03050040, ,TASWIL5000020230907KABKOTA,"4326", , , , ,, ,"35.08","35",1797.09840584344,4, , ,Lumajang,Jawa Timur, , , ,0,2.00600458971506,0.147439191312764
375,Madiun,BA03050040, ,TASWIL5000020230907KABKOTA,"4326", , , , ,, ,"35.19","35",1113.62699476261,4, , ,Madiun,Jawa Timur, , , ,0,2.51394111302347,0.0912574903763248
376,Magelang,BA03050040, ,TASWIL5000020230907KABKOTA,"4326", , , , ,, ,"33.08","33",1129.98329062928,4, , ,Magelang,Jawa Tengah, , , ,0,1.91655103309088,0.092572325160952
377,Magetan,BA03050040, ,TASWIL5000020230907KABKOTA,"4326", , , , ,, ,"35.20","35",706.443564578976,4, , ,Magetan,Jawa Timur, , , ,0,1.60681402238058,0.0578955652973047
378,Majalengka,BA03050040, ,TASWIL5000020230907KABKOTA,"4326", , , , ,, ,"32.10","32",1330.17015875938,4, , ,Majalengka,Jawa Barat, , , ,0,2.41021451831093,0.10881299731686
379,Malaka,BA03050040, ,TASWIL5000020230907KABKOTA,"4326", , , , ,, ,"53.21","53",1109.16204573807,4, , ,Malaka,Nusa Tenggara Timur, ,Belu, ,0,2.23370514725781,0.091335143401481
380,Malang,BA03050040, ,TASWIL5000020230907KABKOTA,"4326", , , , ,, ,"35.07","35",3473.3770358144,4, , ,Malang,Jawa Timur, , , ,0,5.34662066879947,0.284967223800955
381,Manggarai,BA03050040, ,TASWIL5000020230907KABKOTA,"4326", , , , ,, ,"53.10","53",1343.83414796983,4, , ,Manggarai,Nusa Tenggara Timur, , , ,0,2.62044875268555,0.110374337959618
382,Manggarai Barat,BA03050040, ,TASWIL5000020230907KABKOTA,"4326", , , , ,, ,"53.15","53",3128.99733566897,4, , ,Manggarai Barat,Nusa Tenggara Timur, ,Manggarai, ,0,10.7211601623625,0.257018604577651
383,Manggarai Timur,BA03050040, ,TASWIL5000020230907KABKOTA,"4326", , , , ,, ,"53.19","53",2389.5295978557,4, , ,Manggarai Timur,Nusa Tenggara Timur, ,Manggarai, ,0,2.6091065551928,0.196263276888684
384,Mojokerto,BA03050040, ,TASWIL5000020230907KABKOTA,"4326", , , , ,, ,"35.16","35",984.643133628023,4, , ,Mojokerto,Jawa Timur, , , ,0,2.18572150286753,0.0806744758478722
385,Nagekeo,BA03050040, ,TASWIL5000020230907KABKOTA,"4326", , , , ,, ,"53.16","53",1396.16423098123,4, , ,Nagekeo,Nusa Tenggara Timur, ,Ngada, ,0,2.15252417922818,0.114707914624816
386,Ngada,BA03050040, ,TASWIL5000020230907KABKOTA,"4326", , , , ,, ,"53.09","53",1735.6352176919,4, , ,Ngada,Nusa Tenggara Timur, , , ,0,2.86650785506836,0.142589549675794
387,Nganjuk,BA03050040, ,TASWIL5000020230907KABKOTA,"4326", , , , ,, ,"35.18","35",1289.0666724846,4, , ,Nganjuk,Jawa Timur, , , ,0,2.05492720227144,0.105627856822686
388,Ngawi,BA03050040, ,TASWIL5000020230907KABKOTA,"4326", , , , ,, ,"35.21","35",1395.80361511386,4, , ,Ngawi,Jawa Timur, , , ,0,2.33754211648406,0.114333252536481
389,Pacitan,BA03050040, ,TASWIL5000020230907KABKOTA,"4326", , , , ,, ,"35.01","35",1433.59333624551,4, , ,Pacitan,Jawa Timur, , , ,0,2.70815392342493,0.117615991625775
390,Pamekasan,BA03050040, ,TASWIL5000020230907KABKOTA,"4326", , , , ,, ,"35.28","35",795.153633199946,4, , ,Pamekasan,Jawa Timur, , , ,0,1.6163983164587,0.0650801575114265
391,Pandeglang,BA03050040, ,TASWIL5000020230907KABKOTA,"4326", , , , ,, ,"36.01","36",2771.41416976462,4, , ,Pandeglang,Banten, , , ,0,6.20293474141011,0.226610877124878
392,Pangandaran,BA03050040, ,TASWIL5000020230907KABKOTA,"4326", , , , ,, ,"32.18","32",1128.1536257458,4, , ,Pangandaran,Jawa Barat, ,Ciamis, ,0,2.42560719970639,0.0924503882598981
393,Pasuruan,BA03050040, ,TASWIL5000020230907KABKOTA,"4326", , , , ,, ,"35.14","35",1493.29125872968,4, , ,Pasuruan,Jawa Timur, , , ,0,2.11486198318289,0.122402850460093
394,Pati,BA03050040, ,TASWIL5000020230907KABKOTA,"4326", , , , ,, ,"33.18","33",1572.89642576077,4, , ,Pati,Jawa Tengah, , , ,0,2.49346121475829,0.128650290786482
395,Pekalongan,BA03050040, ,TASWIL5000020230907KABKOTA,"4326", , , , ,, ,"33.26","33",892.91369042498,4, , ,Pekalongan,Jawa Tengah, , , ,0,1.70363965471873,0.073080159827387
396,Pemalang,BA03050040, ,TASWIL5000020230907KABKOTA,"4326", , , , ,, ,"33.27","33",1137.41251733669,4, , ,Pemalang,Jawa Tengah, , , ,0,2.08273022955848,0.0930871937896081
397,Ponorogo,BA03050040, ,TASWIL5000020230907KABKOTA,"4326", , , , ,, ,"35.02","35",1418.61821052608,4, , ,Ponorogo,Jawa Timur, , , ,0,2.24739814857251,0.11633341945413
398,Probolinggo,BA03050040, ,TASWIL5000020230907KABKOTA,"4326", , , , ,, ,"35.13","35",1724.51021962952,4, , ,Probolinggo,Jawa Timur, , , ,0,3.30824697991067,0.141396287707631
399,Purbalingga,BA03050040, ,TASWIL5000020230907KABKOTA,"4326", , , , ,, ,"33.03","33",805.756504928704,4, , ,Purbalingga,Jawa Tengah, , , ,0,1.52765145180999,0.0659844352743485
400,Purwakarta,BA03050040, ,TASWIL5000020230907KABKOTA,"4326", , , , ,, ,"32.14","32",993.091657082304,4, , ,Purwakarta,Jawa Barat, , , ,0,1.68861222886575,0.081202855340784
401,Purworejo,BA03050040, ,TASWIL5000020230907KABKOTA,"4326", , , , ,, ,"33.06","33",1081.96525461587,4, , ,Purworejo,Jawa Tengah, , , ,0,1.60858318897909,0.0886784702734054
402,Rembang,BA03050040, ,TASWIL5000020230907KABKOTA,"4326", , , , ,, ,"33.17","33",1037.53825735241,4, , ,Rembang,Jawa Tengah, , , ,0,1.72241754828269,0.0848675258297922
403,Rote Ndao,BA03050040, ,TASWIL5000020230907KABKOTA,"4326", , , , ,, ,"53.14","53",1286.45281116951,4, , ,Rote Ndao,Nusa Tenggara Timur, ,Kupang, ,0,4.76909476003716,0.106321906476805
404,Sabu Raijua,BA03050040, ,TASWIL5000020230907KABKOTA,"4326", , , , ,, ,"53.20","53",460.956594118217,4, , ,Sabu Raijua,Nusa Tenggara Timur, ,Kupang, ,0,1.23438979443343,0.0380736571077427
405,Sampang,BA03050040, ,TASWIL5000020230907KABKOTA,"4326", , , , ,, ,"35.27","35",1228.25205645055,4, , ,Sampang,Jawa Timur, , , ,0,2.20499342869462,0.1005247654183
406,Semarang,BA03050040, ,TASWIL5000020230907KABKOTA,"4326", , , , ,, ,"33.22","33",1019.2704650912,4, , ,Semarang,Jawa Tengah, , , ,0,2.9096007080973,0.0834599061834044
407,Serang,BA03050040, ,TASWIL5000020230907KABKOTA,"4326", , , , ,, ,"36.04","36",1469.90820771164,4, , ,Serang,Banten, , , ,0,4.82214164058807,0.120087806306219
408,Sidoarjo,BA03050040, ,TASWIL5000020230907KABKOTA,"4326", , , , ,, ,"35.15","35",724.040479898018,4, , ,Sidoarjo,Jawa Timur, , , ,0,1.51439744669955,0.0593093438221984
409,Sikka,BA03050040, ,TASWIL5000020230907KABKOTA,"4326", , , , ,, ,"53.07","53",1671.64902391444,4, , ,Sikka,Nusa Tenggara Timur, , , ,0,3.89925449996071,0.137312979206458
410,Situbondo,BA03050040, ,TASWIL5000020230907KABKOTA,"4326", , , , ,, ,"35.12","35",1653.72214924831,4, , ,Situbondo,Jawa Timur, , , ,0,3.30726821790255,0.13557162712984
411,Sleman,BA03050040, ,TASWIL5000020230907KABKOTA,"4326", , , , ,, ,"34.04","34",573.749483104939,4, , ,Sleman,Daerah Istimewa Yogyakarta, , , ,0,1.55927175325973,0.0470265396401562
412,Sragen,BA03050040, ,TASWIL5000020230907KABKOTA,"4326", , , , ,, ,"33.14","33",994.572853528542,4, , ,Sragen,Jawa Tengah, , , ,0,1.72365658684046,0.0814579386949222
413,Subang,BA03050040, ,TASWIL5000020230907KABKOTA,"4326", , , , ,, ,"32.13","32",2165.54817147642,4, , ,Subang,Jawa Barat, , , ,0,2.76140353367275,0.177034323963941
414,Sukabumi,BA03050040, ,TASWIL5000020230907KABKOTA,"4326", , , , ,, ,"32.02","32",4164.15179190766,4, , ,Sukabumi,Jawa Barat, , , ,0,4.44127476405039,0.340828569229014
415,Sukoharjo,BA03050040, ,TASWIL5000020230907KABKOTA,"4326", , , , ,, ,"33.11","33",493.529961512071,4, , ,Sukoharjo,Jawa Tengah, , , ,0,1.59365796937399,0.0404481573857447
416,Sumba Barat,BA03050040, ,TASWIL5000020230907KABKOTA,"4326", , , , ,, ,"53.12","53",757.407641007252,4, , ,Sumba Barat,Nusa Tenggara Timur, , , ,0,2.04212111278032,0.0623907023605313
417,Sumba Tengah,BA03050040, ,TASWIL5000020230907KABKOTA,"4326", , , , ,, ,"53.17","53",1789.65872063981,4, , ,Sumba Tengah,Nusa Tenggara Timur, ,Sumba Barat, ,0,2.42469258110662,0.147379835649403
418,Sumba Timur,BA03050040, ,TASWIL5000020230907KABKOTA,"4326", , , , ,, ,"53.11","53",6984.01403440826,4, , ,Sumba Timur,Nusa Tenggara Timur, , , ,0,4.80415749282048,0.57570214225178
419,Sumbawa,BA03050040, ,TASWIL5000020230907KABKOTA,"4326", , , , ,, ,"52.04","52",6655.91723605756,4, , ,Sumbawa,Nusa Tenggara Barat, , , ,0,9.52746212954908,0.546866950000893
420,Sumbawa Barat,BA03050040, ,TASWIL5000020230907KABKOTA,"4326", , , , ,, ,"52.07","52",1743.57989259396,4, , ,Sumbawa Barat,Nusa Tenggara Barat, ,Sumbawa, ,0,2.89717254702707,0.143304103284
421,Sumedang,BA03050040, ,TASWIL5000020230907KABKOTA,"4326", , , , ,, ,"32.11","32",1566.20437923366,4, , ,Sumedang,Jawa Barat, , , ,0,2.19053881539217,0.128123825812349
422,Sumenep,BA03050040, ,TASWIL5000020230907KABKOTA,"4326", , , , ,, ,"35.29","35",2084.02326183109,4, , ,Sumenep,Jawa Timur, , , ,0,10.1929789412882,0.170534946328538
423,Tabanan,BA03050040, ,TASWIL5000020230907KABKOTA,"4326", , , , ,, ,"51.02","51",849.314046576877,4, , ,Tabanan,Bali, , , ,0,1.4993967853306,0.0697327016627702
424,Tangerang,BA03050040, ,TASWIL5000020230907KABKOTA,"4326", , , , ,, ,"36.03","36",1027.75694912399,4, , ,Tangerang,Banten, , , ,0,2.42411627082479,0.0839701872128665
425,Tasikmalaya,BA03050040, ,TASWIL5000020230907KABKOTA,"4326", , , , ,, ,"32.06","32",2705.85525359783,4, , ,Tasikmalaya,Jawa Barat, , , ,0,3.72497343181116,0.221671812166971
426,Tegal,BA03050040, ,TASWIL5000020230907KABKOTA,"4326", , , , ,, ,"33.28","33",983.901053793418,4, , ,Tegal,Jawa Tengah, , , ,0,2.0024158954943,0.0805222238329213
427,Temanggung,BA03050040, ,TASWIL5000020230907KABKOTA,"4326", , , , ,, ,"33.23","33",864.834140616611,4, , ,Temanggung,Jawa Tengah, , , ,0,1.59366504492667,0.0708122880878303
428,Timor Tengah Selatan,BA03050040, ,TASWIL5000020230907KABKOTA,"4326", , , , ,, ,"53.02","53",3933.15111494803,4, , ,Timor Tengah Selatan,Nusa Tenggara Timur, , , ,0,3.32375028444431,0.324167140100973
429,Timor Tengah Utara,BA03050040, ,TASWIL5000020230907KABKOTA,"4326", , , , ,, ,"53.03","53",2623.19983127745,4, , ,Timor Tengah Utara,Nusa Tenggara Timur, , , ,0,3.47872541070092,0.215921651765393
430,Trenggalek,BA03050040, ,TASWIL5000020230907KABKOTA,"4326", , , , ,, ,"35.03","35",1249.2323540606,4, , ,Trenggalek,Jawa Timur, , , ,0,3.19823113933462,0.102499465318354
431,Tuban,BA03050040, ,TASWIL5000020230907KABKOTA,"4326", , , , ,, ,"35.23","35",1973.50146484385,4, , ,Tuban,Jawa Timur, , , ,0,2.59362652907115,0.161485487583005
432,Tulungagung,BA03050040, ,TASWIL5000020230907KABKOTA,"4326", , , , ,, ,"35.04","35",1144.52526350694,4, , ,Tulungagung,Jawa Timur, , , ,0,2.4814649467639,0.0938974949828426
433,Wonogiri,BA03050040, ,TASWIL5000020230907KABKOTA,"4326", , , , ,, ,"33.12","33",1905.76972295391,4, , ,Wonogiri,Jawa Tengah, , , ,0,2.63773352761053,0.156277763379862
434,Wonosobo,BA03050040, ,TASWIL5000020230907KABKOTA,"4326", , , , ,, ,"33.07","33",1011.62283826372,4, , ,Wonosobo,Jawa Tengah, , , ,0,1.77897477211396,0.0828600898663778
435,Balangan,BA03050040,,TASWIL5000020230907KABKOTA,"4326",,,,,,,"63.11","63",1828.51323069286,4,,,Balangan,Kalimantan Selatan,,Hulu Sungai Utara,,,1.96836455224517,0.148668701273723
436,Barito Kuala,BA03050040,,TASWIL5000020230907KABKOTA,"4326",,,,,,,"63.04","63",2426.17904402801,4,,,Barito Kuala,Kalimantan Selatan,,,,,3.14820999039499,0.197385596993576
437,Barito Selatan,BA03050040,,TASWIL5000020230907KABKOTA,"4326",,,,,,,"62.04","62",6267.08417395928,4,,,Barito Selatan,Kalimantan Tengah,, ,,,4.51117894110009,0.509390366024003
438,Barito Timur,BA03050040,,TASWIL5000020230907KABKOTA,"4326",,,,,,,"62.13","62",3212.51524496515,4,,,Barito Timur,Kalimantan Tengah,,Barito Selatan,,,2.75986047427688,0.261140263500448
439,Barito Utara,BA03050040,,TASWIL5000020230907KABKOTA,"4326",,,,,,,"62.05","62",9984.80790412091,4,,,Barito Utara,Kalimantan Tengah,, ,,,6.62497877240248,0.811289639574306
440,Bengkayang,BA03050040,,TASWIL5000020230907KABKOTA,"4326",,,,,,,"61.07","61",5488.60795318972,4,,,Bengkayang,Kalimantan Barat,,Sambas,,,6.02675176553537,0.445970285372445
441,Berau,BA03050040,,TASWIL5000020230907KABKOTA,"4326",,,,,,,"64.03","64",21008.6398182798,4,,,Berau,Kalimantan Timur,, ,,,19.1051645916181,1.70771873525666
442,Bulungan,BA03050040,,TASWIL5000020230907KABKOTA,"4326",,,,,,,"65.01","65",13879.7866620854,4,,,Bulungan,Kalimantan Utara,, ,Kalimantan Timur,,12.2041216348108,1.12893160467455
443,Gunung Mas,BA03050040,,TASWIL5000020230907KABKOTA,"4326",,,,,,,"62.10","62",9305.75639321568,4,,,Gunung Mas,Kalimantan Tengah,,Kapuas,,,4.38794700864893,0.756139081476313
444,Hulu Sungai Selatan,BA03050040,,TASWIL5000020230907KABKOTA,"4326",,,,,,,"63.06","63",1697.22428862007,4,,,Hulu Sungai Selatan,Kalimantan Selatan,, ,,,2.27461182339821,0.138036632844879
445,Hulu Sungai Tengah,BA03050040,,TASWIL5000020230907KABKOTA,"4326",,,,,,,"63.07","63",1573.53817917124,4,,,Hulu Sungai Tengah,Kalimantan Selatan,, ,,,2.31760045166322,0.12796487359447
446,Hulu Sungai Utara,BA03050040,,TASWIL5000020230907KABKOTA,"4326",,,,,,,"63.08","63",907.490768484991,4,,,Hulu Sungai Utara,Kalimantan Selatan,, ,,,1.51826473553833,0.0737904677160943
447,Kalimantan Barat,BA03050040,"Berdasarkan Kepmendagri 050-145 Tahun 2022, masuk ke Kalimantan Barat",TASWIL5000020230907KABKOTA,"4326",,,,,,,,"61",0.446818812946194,999,,,,Kalimantan Barat,,,,,0.0520740876462758,3.63047728110761e-05
448,Kalimantan Timur,BA03050040,"Berdasarkan Kepmendagri 050-145 Tahun 2022, masuk ke Kalimantan Timur",TASWIL5000020230907KABKOTA,"4326",,,,,,,,"64",3.87981888372285,6,,,,Kalimantan Timur,,,,,0.142134396944413,0.000315258065113872
449,Kapuas,BA03050040,,TASWIL5000020230907KABKOTA,"4326",,,,,,,"62.03","62",17033.6462423939,4,,,Kapuas,Kalimantan Tengah,,,,,9.08879828760493,1.38458396793074
450,Kapuas Hulu,BA03050040,,TASWIL5000020230907KABKOTA,"4326",,,,,,,"61.06","61",31318.2461503054,4,,,Kapuas Hulu,Kalimantan Barat,, ,,,10.3235168377823,2.54462852024932
451,Katingan,BA03050040,,TASWIL5000020230907KABKOTA,"4326",,,,,,,"62.06","62",20382.2591987118,4,,,Katingan,Kalimantan Tengah,,Kotawaringin Timur,,,9.49659543238828,1.65672066218665
452,Kayong Utara,BA03050040,,TASWIL5000020230907KABKOTA,"4326",,,,,,,"61.11","61",4110.12301412372,4,,,Kayong Utara,Kalimantan Barat,,Ketapang,,,6.99327188473647,0.333972050771644
453,Ketapang,BA03050040,,TASWIL5000020230907KABKOTA,"4326",,,,,,,"61.04","61",30018.6763396152,4,,,Ketapang,Kalimantan Barat,, ,,,13.6255621311075,2.4398929270762
454,Kota Banjarbaru,BA03050040,,TASWIL5000020230907KABKOTA,"4326",,,,,,,"63.72","63",305.152648560538,5,,,Kota Banjarbaru,Kalimantan Selatan,,Banjar,,,0.951653262095431,0.0248353168629781
455,Kota Banjarmasin,BA03050040,,TASWIL5000020230907KABKOTA,"4326",,,,,,,"63.71","63",98.3720535787737,5,,,Kota Banjarmasin,Kalimantan Selatan,, ,,,0.509215199312864,0.00800498247531236
456,Kota Bontang,BA03050040,,TASWIL5000020230907KABKOTA,"4326",,,,,,,"64.74","64",160.809911871692,5,,,Kota Bontang,Kalimantan Timur,,Kutai,,,1.6382281095844,0.0130643621256575
457,Kota Palangkaraya,BA03050040,,TASWIL5000020230907KABKOTA,"4326",,,,,,,"62.71","62",2848.69898048666,5,,,Kota Palangkaraya,Kalimantan Tengah,, ,,,2.5073349610502,0.231571114702436
458,Kota Pontianak,BA03050040,,TASWIL5000020230907KABKOTA,"4326",,,,,,,"61.71","61",118.208752498421,5,,,Kota Pontianak,Kalimantan Barat,, ,,,0.43973462088648,0.00960338694430699
459,Kota Samarinda,BA03050040,,TASWIL5000020230907KABKOTA,"4326",,,,,,,"64.72","64",716.783310868633,5,,,Kota Samarinda,Kalimantan Timur,, ,,,1.50916211612213,0.0582343518725787
460,Kota Singkawang,BA03050040,,TASWIL5000020230907KABKOTA,"4326",,,,,,,"61.72","61",550.186910140573,5,,,Kota Singkawang,Kalimantan Barat,,Bengkayang,,,1.23074798661187,0.0447029151335628
461,Kota Tarakan,BA03050040,,TASWIL5000020230907KABKOTA,"4326",,,,,,,"65.71","65",250.977748170811,5,,,Kota Tarakan,Kalimantan Utara,,Bulungan,Kalimantan Timur,,0.723045143868589,0.0204238221852748
462,Kotabaru,BA03050040,,TASWIL5000020230907KABKOTA,"4326",,,,,,,"63.02","63",9354.93250433197,4,,,Kotabaru,Kalimantan Selatan,, ,,,11.9385672047952,0.761031809984525
463,Kotawaringin Barat,BA03050040,,TASWIL5000020230907KABKOTA,"4326",,,,,,,"62.01","62",9480.34392712432,4,,,Kotawaringin Barat,Kalimantan Tengah,, ,,,6.66100308310933,0.770965727133332
464,Kotawaringin Timur,BA03050040,,TASWIL5000020230907KABKOTA,"4326",,,,,,,"62.02","62",15543.8243907487,4,,,Kotawaringin Timur,Kalimantan Tengah,, ,,,6.85865059791201,1.26365273526571
465,Kubu Raya,BA03050040,,TASWIL5000020230907KABKOTA,"4326",,,,,,,"61.12","61",8549.29358264788,4,,,Kubu Raya,Kalimantan Barat,,Pontianak,,,12.428912661944,0.694575912143125
466,Kutai Barat,BA03050040,,TASWIL5000020230907KABKOTA,"4326",,,,,,,"64.07","64",13611.16785441,4,,,Kutai Barat,Kalimantan Timur,,Kutai,,,6.39989825950964,1.10584299351225
467,Kutai Kartanegara,BA03050040,,TASWIL5000020230907KABKOTA,"4326",,,,,,,"64.02","64",26926.4942027958,4,,,Kutai Kartanegara,Kalimantan Timur,,,,,26.6176241018418,2.18766401505815
468,Kutai Timur,BA03050040,,TASWIL5000020230907KABKOTA,"4326",,,,,,,"64.08","64",31580.1823792903,4,,,Kutai Timur,Kalimantan Timur,,Kutai,,,15.3755425489213,2.56602907313291
469,Lamandau,BA03050040,,TASWIL5000020230907KABKOTA,"4326",,,,,,,"62.09","62",7632.39429795673,4,,,Lamandau,Kalimantan Tengah,,Kotawaringin Barat,,,4.63857737883056,0.620356186642891
470,Landak,BA03050040,,TASWIL5000020230907KABKOTA,"4326",,,,,,,"61.08","61",8430.71056017592,4,,,Landak,Kalimantan Barat,,Pontianak,,,6.11846983153717,0.684950096963028
471,Mahakam Ulu,BA03050040,,TASWIL5000020230907KABKOTA,"4326",,,,,,,"64.11","64",18492.2245188279,4,,,Mahakam Ulu,Kalimantan Timur,,Kutai Barat,,,9.67222359810808,1.50248112186434
472,Malinau,BA03050040,,TASWIL5000020230907KABKOTA,"4326",,,,,,,"65.02","65",38901.8328572165,4,,,Malinau,Kalimantan Utara,,Bulungan,Kalimantan Timur,,12.8203353950897,3.16364383735009
473,Melawi,BA03050040,,TASWIL5000020230907KABKOTA,"4326",,,,,,,"61.10","61",10122.5133895552,4,,,Melawi,Kalimantan Barat,,Sintang,,,6.18884194372315,0.822418686576588
474,Mempawah,BA03050040,,TASWIL5000020230907KABKOTA,"4326",,,,,,,"61.02","61",1935.41897259054,4,,,Mempawah,Kalimantan Barat,,,,,3.11737641949643,0.157238724723012
475,Murung Raya,BA03050040,,TASWIL5000020230907KABKOTA,"4326",,,,,,,"62.12","62",23575.3282293376,4,,,Murung Raya,Kalimantan Tengah,,Barito Utara,,,8.65174413279452,1.9153251355227
476,Nunukan,BA03050040,,TASWIL5000020230907KABKOTA,"4326",,,,,,,"65.03","65",13564.2502734363,4,,,Nunukan,Kalimantan Utara,,Bulungan,Kalimantan Timur,,11.9925735830334,1.10460990485909
477,Paser,BA03050040,,TASWIL5000020230907KABKOTA,"4326",,,,,,,"64.01","64",10780.6270828824,4,,,Paser,Kalimantan Timur,, ,,,6.97548731684684,0.876236429334571
478,Pulang Pisau,BA03050040,,TASWIL5000020230907KABKOTA,"4326",,,,,,,"62.11","62",9650.86351395214,4,,,Pulang Pisau,Kalimantan Tengah,,Kapuas,,,5.84547721099514,0.784912560031249
479,Sambas,BA03050040,,TASWIL5000020230907KABKOTA,"4326",,,,,,,"61.01","61",5937.99495326819,4,,,Sambas,Kalimantan Barat,, ,,,4.23082967504755,0.482557384329192
480,Sanggau,BA03050040,,TASWIL5000020230907KABKOTA,"4326",,,,,,,"61.03","61",12452.2241517992,4,,,Sanggau,Kalimantan Barat,, ,,,7.65307697655706,1.01166258396512
481,Sekadau,BA03050040,,TASWIL5000020230907KABKOTA,"4326",,,,,,,"61.09","61",5979.04370295035,4,,,Sekadau,Kalimantan Barat,,Sanggau,,,4.89358511497578,0.485752312965966
482,Seruyan,BA03050040,,TASWIL5000020230907KABKOTA,"4326",,,,,,,"62.07","62",15215.1581376537,4,,,Seruyan,Kalimantan Tengah,,Kotawaringin Timur,,,9.18173642436265,1.23714973590173
483,Sintang,BA03050040,,TASWIL5000020230907KABKOTA,"4326",,,,,,,"61.05","61",22025.7880013847,4,,,Sintang,Kalimantan Barat,, ,,,11.9811145851475,1.78944370223663
484,Sukamara,BA03050040,,TASWIL5000020230907KABKOTA,"4326",,,,,,,"62.08","62",3311.22935718081,4,,,Sukamara,Kalimantan Tengah,,Kotawaringin Barat,,,3.86836879184314,0.269281741485265
485,Tabalong,BA03050040,,TASWIL5000020230907KABKOTA,"4326",,,,,,,"63.09","63",3473.06892326261,4,,,Tabalong,Kalimantan Selatan,, ,,,3.985999774704,0.282303080840216
486,Tana Tidung,BA03050040,,TASWIL5000020230907KABKOTA,"4326",,,,,,,"65.04","65",3504.33620182409,4,,,Tana Tidung,Kalimantan Utara,,Bulungan,Kalimantan Timur,,7.88441740754208,0.285234811366158
487,Tanah Bumbu,BA03050040,,TASWIL5000020230907KABKOTA,"4326",,,,,,,"63.10","63",4884.83273223124,4,,,Tanah Bumbu,Kalimantan Selatan,,Kotabaru,,,4.00796147911225,0.397547334940171
488,Tanah Laut,BA03050040,,TASWIL5000020230907KABKOTA,"4326",,,,,,,"63.01","63",3841.37235642558,4,,,Tanah Laut,Kalimantan Selatan,,,,,3.32146775363745,0.312753591958438
489,Tapin,BA03050040,,TASWIL5000020230907KABKOTA,"4326",,,,,,,"63.05","63",2155.93899497055,4,,,Tapin,Kalimantan Selatan,, ,,,2.73330795238987,0.175372730701668
490,Sumba Barat Daya,BA03050040, ,TASWIL5000020230907KABKOTA,"4326", , , , ,, ,"53.18","53",1383.31224571211,4, , ,Sumba Barat Daya,Nusa Tenggara Timur, ,Sumba Barat, ,0,1.59805558471247,0.11391384897948
491,Ende,BA03050040, ,TASWIL5000020230907KABKOTA,"4326", , , , ,, ,"53.08","53",2085.24387061304,4, , ,Ende,Nusa Tenggara Timur, , , ,0,2.99297540949273,0.17131623288569
492,Penajam Paser Utara,BA03050040,,TASWIL5000020230907KABKOTA,"4326",,,,,,,"64.09","64",3194.64807852294,4,,,Penajam Paser Utara,Kalimantan Timur,,Paser,,,3.71501711121446,0.25958899424988
493,Kota Balikpapan,BA03050040,,TASWIL5000020230907KABKOTA,"4326",,,,,,,"64.71","64",509.701806387689,5,,,Kota Balikpapan,Kalimantan Timur,, ,,,1.21402717219524,0.0414168646667287
494,Banjar,BA03050040,,TASWIL5000020230907KABKOTA,"4326",,,,,,,"63.03","63",4588.43771448587,4,,,Banjar,Kalimantan Selatan,, ,,,5.01422308519242,0.373380607940957
495,Asmat,BA03050040, ,TASWIL5000020230907KABKOTA,"4326", , , , ,, ,"93.04","93",25015.3064337845,4, , ,Asmat,Papua Selatan, ,Merauke,Papua,0,10.5051020138187,2.04103171175323
496,Biak Numfor,BA03050040, ,TASWIL5000020230907KABKOTA,"4326", , , , ,, ,"91.06","91",2257.77857259962,4, , ,Biak Numfor,Papua, , , ,0,5.35532578171235,0.183451690197438
497,Boven Digoel,BA03050040, ,TASWIL5000020230907KABKOTA,"4326", , , , ,, ,"93.02","93",23558.2716032043,4, , ,Boven Digoel,Papua Selatan, ,Merauke,Papua,0,9.41001151938845,1.92422305690953
498,Deiyai,BA03050040, ,TASWIL5000020230907KABKOTA,"4326", , , , ,, ,"94.08","94",2846.41168168655,4, , ,Deiyai,Papua Tengah, ,Paniai,Papua,0,3.39213920299162,0.231850795745262
499,Dogiyai,BA03050040, ,TASWIL5000020230907KABKOTA,"4326", , , , ,, ,"94.06","94",3792.92814779396,4, , ,Dogiyai,Papua Tengah, ,Nabire,Papua,0,4.13558797223909,0.308897883462042
500,Fak Fak,BA03050040, ,TASWIL5000020230907KABKOTA,"4326", , , , ,, ,"92.03","92",9736.54527686265,4, , ,Fak Fak,Papua Barat, , ,Papua,0,15.1385040180269,0.792155739115915
501,Intan Jaya,BA03050040, ,TASWIL5000020230907KABKOTA,"4326", , , , ,, ,"94.07","94",5334.44487314085,4, , ,Intan Jaya,Papua Tengah, ,Paniai,Papua,0,4.44111790840825,0.434180629297995
502,Jayapura,BA03050040, ,TASWIL5000020230907KABKOTA,"4326", , , , ,, ,"91.03","91",14082.2122578153,4, , ,Jayapura,Papua, , , ,0,9.52170493240719,1.14561199815369
503,Jayawijaya,BA03050040, ,TASWIL5000020230907KABKOTA,"4326", , , , ,, ,"95.01","95",2629.00973709105,4, , ,Jayawijaya,Papua Pegunungan, , ,Papua,0,3.13720308690232,0.214115278699272
504,Kaimana,BA03050040, ,TASWIL5000020230907KABKOTA,"4326", , , , ,, ,"92.08","92",17849.2155958209,4, , ,Kaimana,Papua Barat, ,Fak Fak,Papua,0,23.582871959567,1.45289051653689
505,Keerom,BA03050040, ,TASWIL5000020230907KABKOTA,"4326", , , , ,, ,"91.11","91",9526.31538330307,4, , ,Keerom,Papua, ,Jayapura, ,0,6.07708966622775,0.775256858573847
506,Kepulauan Yapen,BA03050040, ,TASWIL5000020230907KABKOTA,"4326", , , , ,, ,"91.05","91",2429.0300227045,4, , ,Kepulauan Yapen,Papua, , , ,0,8.55393507975411,0.197425925619974
507,Kota Jayapura,BA03050040, ,TASWIL5000020230907KABKOTA,"4326", , , , ,, ,"91.71","91",835.479147076575,5, , ,Kota Jayapura,Papua, ,Jayapura, ,0,2.36790963878338,0.0679466217870905
508,Kota Sorong,BA03050040, ,TASWIL5000020230907KABKOTA,"4326", , , , ,, ,"96.71","96",205.260572338384,5, , ,Kota Sorong,Papua Barat Daya, ,Sorong,Papua Barat,0,1.22988824745456,0.0166774127954396
509,Lanny Jaya,BA03050040, ,TASWIL5000020230907KABKOTA,"4326", , , , ,, ,"95.07","95",2339.77460350829,4, , ,Lanny Jaya,Papua Pegunungan, ,Jayawijaya,Papua,0,3.05235674234477,0.190528033376143
510,Mamberamo Raya,BA03050040, ,TASWIL5000020230907KABKOTA,"4326", , , , ,, ,"91.20","91",28042.3912459155,4, , ,Mamberamo Raya,Papua, ,Sarmi, ,0,13.6643766569833,2.28030775227947
511,Mamberamo Tengah,BA03050040, ,TASWIL5000020230907KABKOTA,"4326", , , , ,, ,"95.05","95",4101.48554359445,4, , ,Mamberamo Tengah,Papua Pegunungan, ,Jayawijaya,Papua,0,4.71927555181982,0.333830900852048
512,Manokwari,BA03050040, ,TASWIL5000020230907KABKOTA,"4326", , , , ,, ,"92.02","92",2763.01789582046,4, , ,Manokwari,Papua Barat, , ,Papua,0,3.55287341476034,0.224499695579925
513,Mappi,BA03050040, ,TASWIL5000020230907KABKOTA,"4326", , , , ,, ,"93.03","93",24262.2272830548,4, , ,Mappi,Papua Selatan, ,Merauke,Papua,0,8.97513087475739,1.98357914161817
514,Maybrat,BA03050040, ,TASWIL5000020230907KABKOTA,"4326", , , , ,, ,"96.05","96",5385.6792328453,4, , ,Maybrat,Papua Barat Daya, ,Sorong,Papua Barat,0,4.04310214878724,0.437665404130292
515,Merauke,BA03050040, ,TASWIL5000020230907KABKOTA,"4326", , , , ,, ,"93.01","93",45013.3538019092,4, , ,Merauke,Papua Selatan, , ,Papua,0,19.4738929541296,3.69052039227492
516,Mimika,BA03050040, ,TASWIL5000020230907KABKOTA,"4326", , , , ,, ,"94.04","94",18298.9475457053,4, , ,Mimika,Papua Tengah, , ,Papua,0,12.6656809115132,1.49114923840379
517,Nabire,BA03050040, ,TASWIL5000020230907KABKOTA,"4326", , , , ,, ,"94.01","94",11806.0881538566,4, , ,Nabire,Papua Tengah, , ,Papua,0,11.5437430004446,0.960785354303415
518,Nduga,BA03050040, ,TASWIL5000020230907KABKOTA,"4326", , , , ,, ,"95.08","95",5886.891448157,4, , ,Nduga,Papua Pegunungan, ,Jayawijaya,Papua,0,4.73268913220154,0.479637158058546
519,Paniai,BA03050040, ,TASWIL5000020230907KABKOTA,"4326", , , , ,, ,"94.03","94",5306.87117011858,4, , ,Paniai,Papua Tengah, , ,Papua,0,4.22472545524472,0.432058865870164
520,Pegunungan Arfak,BA03050040, ,TASWIL5000020230907KABKOTA,"4326", , , , ,, ,"92.12","92",3298.8112193929,4, , ,Pegunungan Arfak,Papua Barat, ,Manokwari,Papua,0,4.15437602211717,0.268064769726041
521,Pegunungan Bintang,BA03050040, ,TASWIL5000020230907KABKOTA,"4326", , , , ,, ,"95.02","95",13751.9152564036,4, , ,Pegunungan Bintang,Papua Pegunungan, ,Jayawijaya,Papua,0,6.38803514439085,1.12067416367093
522,Puncak,BA03050040, ,TASWIL5000020230907KABKOTA,"4326", , , , ,, ,"94.05","94",7701.03115389531,4, , ,Puncak,Papua Tengah, ,Puncak Jaya,Papua,0,6.56917948699555,0.626897577632807
523,Puncak Jaya,BA03050040, ,TASWIL5000020230907KABKOTA,"4326", , , , ,, ,"94.02","94",5986.18984234898,4, , ,Puncak Jaya,Papua Tengah, , ,Papua,0,4.59742025921633,0.487181441606665
524,Raja Ampat,BA03050040, ,TASWIL5000020230907KABKOTA,"4326", , , , ,, ,"96.03","96",7442.30627908187,4, , ,Raja Ampat,Papua Barat Daya, ,Sorong,Papua Barat,0,47.8395060641851,0.604738540988164
525,Sarmi,BA03050040, ,TASWIL5000020230907KABKOTA,"4326", , , , ,, ,"91.10","91",14068.3737441257,4, , ,Sarmi,Papua, ,Jayapura, ,0,11.4902362416106,1.14397919979558
526,Sorong,BA03050040, ,TASWIL5000020230907KABKOTA,"4326", , , , ,, ,"96.01","96",7564.65293806629,4, , ,Sorong,Papua Barat Daya, , ,Papua Barat,0,11.1522690904638,0.614683104334249
527,Sorong Selatan,BA03050040, ,TASWIL5000020230907KABKOTA,"4326", , , , ,, ,"96.02","96",6570.23062545248,4, , ,Sorong Selatan,Papua Barat Daya, ,Sorong,Papua Barat,0,5.59975720542012,0.534014386658482
528,Supiori,BA03050040, ,TASWIL5000020230907KABKOTA,"4326", , , , ,, ,"91.19","91",660.611723589128,4, , ,Supiori,Papua, ,Biak Numfor, ,0,3.38191482935292,0.0536731325627782
529,Tambrauw,BA03050040, ,TASWIL5000020230907KABKOTA,"4326", , , , ,, ,"96.04","96",11954.8181621063,4, , ,Tambrauw,Papua Barat Daya, ,Sorong,Papua Barat,0,5.76883684087243,0.971320003431547
530,Teluk Bintuni,BA03050040, ,TASWIL5000020230907KABKOTA,"4326", , , , ,, ,"92.06","92",19943.285320227,4, , ,Teluk Bintuni,Papua Barat, ,Manokwari,Papua,0,23.6301008578751,1.62137814848658
531,Teluk Wondama,BA03050040, ,TASWIL5000020230907KABKOTA,"4326", , , , ,, ,"92.07","92",4847.34036167402,4, , ,Teluk Wondama,Papua Barat, ,Manokwari,Papua,0,11.7215241685073,0.394288022823862
532,Tolikara,BA03050040, ,TASWIL5000020230907KABKOTA,"4326", , , , ,, ,"95.04","95",2990.00844880267,4, , ,Tolikara,Papua Pegunungan, ,Jayawijaya,Papua,0,3.35724853772882,0.243348295186455
533,Waropen,BA03050040, ,TASWIL5000020230907KABKOTA,"4326", , , , ,, ,"91.15","91",10778.766755761,4, , ,Waropen,Papua, ,Yapen Waropen, ,0,7.26174952493188,0.876665218551754
534,Yahukimo,BA03050040, ,TASWIL5000020230907KABKOTA,"4326", , , , ,, ,"95.03","95",16365.9376546595,4, , ,Yahukimo,Papua Pegunungan, ,Jayawijaya,Papua,0,7.04217052795381,1.33355103011415
535,Yalimo,BA03050040, ,TASWIL5000020230907KABKOTA,"4326", , , , ,, ,"95.06","95",3148.30800831894,4, , ,Yalimo,Papua Pegunungan, ,Jayawijaya,Papua,0,4.95247529983419,0.256318826581233
536,Pasaman Barat,BA03050040,,TASWIL5000020230907KABKOTA,"4326", , , , ,, ,"13.12","13",3852.99283680129,4, , ,Pasaman Barat,Sumatera Barat, ,Pasaman, ,0,3.78929522954568,0.313023799095705
537,Lampung Selatan,BA03050040,,TASWIL5000020230907KABKOTA,"4326", , , , ,, ,"18.01","18",2227.37926069269,4, , ,Lampung Selatan,Lampung, , , ,0,5.22135215009386,0.181778824002799
538,Indonesia,BA03050040,,TASWIL5000020230907KABKOTA,"4326", , , , ,, ,,,0.00626175825068172,4, , ,,, , , ,0,0.00262143330491484,5.09055772300127e-07
539,Indonesia,BA03050040,,TASWIL5000020230907KABKOTA,"4326", , , , ,, ,,,0.000806657958841703,4, , ,,, , , ,0,0.00116678590254543,6.55780872113552e-08
540,Poso,BA03050040, ,TASWIL5000020230907KABKOTA,"4326", , , , ,, ,"72.02","72",7545.9088887523,4, , ,Poso,Sulawesi Tengah, , ,,0,5.1310995400357,0.613297992350823
541,Maluku Tenggara,BA03050040, ,TASWIL5000020230907KABKOTA,"4326", , , , ,, ,"81.02","81",1016.92330298908,4, , ,Maluku Tenggara,Maluku, , , ,0,5.87371063016421,0.0830124903660564
542,Manokwari Selatan,BA03050040, ,TASWIL5000020230907KABKOTA,"4326", , , , ,, ,"92.11","92",1837.09484763471,4, , ,Manokwari Selatan,Papua Barat, ,Manokwari,Papua,0,3.35946489988395,0.149300760219103
543,Wakatobi,BA03050040,Wilayah terapung,TASWIL5000020230907KABKOTA,"4326", , , , ,, ,"74.07","74",0.253355482027855,4, , ,Wakatobi,Sulawesi Tenggara, ,Buton, ,0,0.0291924563303641,2.06703594497706e-05
544,Wakatobi,BA03050040,Wilayah terapung,TASWIL5000020230907KABKOTA,"4326", , , , ,, ,"74.07","74",4.12006083394023,4, , ,Wakatobi,Sulawesi Tenggara, ,Buton, ,0,0.124432278786086,0.000336232999688296
545,Muna Barat,BA03050040,Wilayah terapung,TASWIL5000020230907KABKOTA,"4326", , , , ,, ,"74.13","74",0.273099429049383,4, , ,Muna Barat,Sulawesi Tenggara, ,Muna, ,0,0.0295594995643718,2.22679841874973e-05
546,Buton Utara,BA03050040,Wilayah terapung,TASWIL5000020230907KABKOTA,"4326", , , , ,, ,"74.10","74",0.0480497061254918,4, , ,Buton Utara,Sulawesi Tenggara, ,Muna, ,0,0.0168384250334487,3.91690268989906e-06
547,Muna,BA03050040,Wilayah terapung,TASWIL5000020230907KABKOTA,"4326", , , , ,, ,"74.03","74",0.170247083509852,4, , ,Muna,Sulawesi Tenggara, , , ,0,0.0399609418179559,1.38839187564526e-05
548,Buton,BA03050040,Wilayah terapung,TASWIL5000020230907KABKOTA,"4326", , , , ,, ,"74.04","74",0.188157250698736,4, , ,Buton,Sulawesi Tenggara, , , ,0,0.0397338812276906,1.53526521797424e-05
